scenario,baseline,net_load_mae_kw,net_load_rmse_kw,load_interval_coverage,renewable_interval_coverage,mean_interval_width_kw,energy_cost_eur,grid_import_kwh,mean_soc,unsafe_recommendation_rate,recommendation_rate,untrusted_automation_rate,battery_violation_count,voltage_violation_count,line_violation_count,abstention_rate,low_trust_abstention_accuracy,mean_decision_abs_error,mean_trust_score,mean_full_trust_score
clean,monitoring_only,8.765331222478306,11.51990352767853,0.8944444444444445,0.8930555555555556,56.036136889154136,20018.638482136914,543500.1124866009,0.5499999999999999,0.0,0.0,0.0,0.0,0.0,0.0,0.0,0.0,27.257319446342688,0.9844285745188147,0.9844285745188147
clean,physics_only,8.765331222478306,11.51990352767853,0.8944444444444445,0.8930555555555556,56.036136889154136,19997.920645942457,543518.9684866009,0.13882818176513292,0.0,0.09583333333333334,0.0,0.0,0.0,0.0,0.0,0.0,40.20321079934703,0.9844285745188147,0.9844285745188147
clean,ml_only,8.765331222478306,11.51990352767853,0.8944444444444445,0.8930555555555556,56.036136889154136,20008.66691180286,543605.2644866009,0.14525542961814072,0.0,0.09861111111111111,0.0,0.0,0.0,0.0,0.0,0.0,8.765331222478308,0.9844285745188147,0.9844285745188147
clean,hybrid_no_trust,8.765331222478306,11.51990352767853,0.8944444444444445,0.8930555555555556,56.036136889154136,20008.66691180286,543605.2644866009,0.14525542961814072,0.0,0.09861111111111111,0.0,0.0,0.0,0.0,0.0,0.0,8.765331222478308,0.9844285745188147,0.9844285745188147
clean,tudt_no_sync,8.765331222478306,11.51990352767853,0.8944444444444445,0.8930555555555556,56.036136889154136,20008.66691180286,543605.2644866009,0.14525542961814072,0.0,0.09861111111111111,0.0,0.0,0.0,0.0,0.0,0.0,8.765331222478308,0.9803070392150725,0.9844285745188147
clean,tudt_no_data_reliability,8.765331222478306,11.51990352767853,0.8944444444444445,0.8930555555555556,56.036136889154136,20008.66691180286,543605.2644866009,0.14525542961814072,0.0,0.09861111111111111,0.0,0.0,0.0,0.0,0.0,0.0,8.765331222478308,0.9792380993584195,0.9844285745188147
clean,tudt_no_uncertainty,8.765331222478306,11.51990352767853,0.8944444444444445,0.8930555555555556,56.036136889154136,20008.66691180286,543605.2644866009,0.14525542961814072,0.0,0.09861111111111111,0.0,0.0,0.0,0.0,0.0,0.0,8.765331222478308,0.9976181960910186,0.9844285745188147
clean,tudt_no_security,8.765331222478306,11.51990352767853,0.8944444444444445,0.8930555555555556,56.036136889154136,20008.66691180286,543605.2644866009,0.14525542961814072,0.0,0.09861111111111111,0.0,0.0,0.0,0.0,0.0,0.0,8.765331222478308,0.9805357181485184,0.9844285745188147
clean,tudt_f,8.765331222478306,11.51990352767853,0.8944444444444445,0.8930555555555556,56.036136889154136,20008.66691180286,543605.2644866009,0.14525542961814072,0.0,0.09861111111111111,0.0,0.0,0.0,0.0,0.0,0.0,8.765331222478308,0.9844285745188147,0.9844285745188147
missing,monitoring_only,11.333923917377444,17.546372700809304,0.8486111111111111,0.8527777777777777,57.821521627490185,20018.638482136914,543500.1124866009,0.5499999999999999,0.0,0.0,0.0,0.0,0.0,0.0,0.0,0.0,30.453286183680383,0.9656099834688231,0.9656099834688231
missing,physics_only,11.333923917377444,17.546372700809304,0.8486111111111111,0.8527777777777777,57.821521627490185,19998.295205606693,543518.9684866009,0.1386690884675731,0.009722222222222222,0.09722222222222222,0.009722222222222222,0.0,0.0,0.0,0.0,0.0,40.43281429346533,0.9656099834688231,0.9656099834688231
missing,ml_only,11.333923917377444,17.546372700809304,0.8486111111111111,0.8527777777777777,57.821521627490185,20009.019051254254,543588.9684866009,0.14242603402816623,0.009722222222222222,0.09583333333333334,0.009722222222222222,0.0,0.0,0.0,0.0,0.0,11.333923917377444,0.9656099834688231,0.9656099834688231
missing,hybrid_no_trust,11.333923917377444,17.546372700809304,0.8486111111111111,0.8527777777777777,57.821521627490185,20009.019051254254,543588.9684866009,0.14242603402816623,0.009722222222222222,0.09583333333333334,0.009722222222222222,0.0,0.0,0.0,0.0,0.0,11.333923917377444,0.9656099834688231,0.9656099834688231
missing,tudt_no_sync,11.333923917377444,17.546372700809304,0.8486111111111111,0.8527777777777777,57.821521627490185,20008.47750172569,543572.6724866009,0.1417922267220069,0.009722222222222222,0.09583333333333334,0.009722222222222222,0.0,0.0,0.0,0.0,0.0,11.333923917377444,0.9604995784321705,0.9656099834688231
missing,tudt_no_data_reliability,11.333923917377444,17.546372700809304,0.8486111111111111,0.8527777777777777,57.821521627490185,20008.512627165688,543580.8204866009,0.14287746977756244,0.009722222222222222,0.09583333333333334,0.009722222222222222,0.0,0.0,0.0,0.0,0.0,11.333923917377444,0.9642994224028753,0.9656099834688231
missing,tudt_no_uncertainty,11.333923917377444,17.546372700809304,0.8486111111111111,0.8527777777777777,57.821521627490185,20008.30908697569,543568.5984866009,0.1413067232497847,0.009722222222222222,0.09583333333333334,0.009722222222222222,0.0,0.0,0.0,0.0,0.0,11.333923917377444,0.9779942603106275,0.9656099834688231
missing,tudt_no_security,11.333923917377444,17.546372700809304,0.8486111111111111,0.8527777777777777,57.821521627490185,20008.47750172569,543572.6724866009,0.1417922267220069,0.009722222222222222,0.09583333333333334,0.009722222222222222,0.0,0.0,0.0,0.0,0.0,11.333923917377444,0.959699979336029,0.9656099834688231
missing,tudt_f,11.333923917377444,17.546372700809304,0.8486111111111111,0.8527777777777777,57.821521627490185,20008.47750172569,543572.6724866009,0.1417922267220069,0.0,0.09583333333333334,0.0,0.0,0.0,0.0,0.0,0.0,11.333923917377444,0.9656099834688231,0.9656099834688231
delayed,monitoring_only,51.348142205680766,68.82094166532109,0.3,0.39305555555555555,77.61848731112168,20018.638482136914,543500.1124866009,0.5499999999999999,0.0,0.0,0.0,0.0,0.0,0.0,0.0,0.0,74.05819238818061,0.8598395320812637,0.8598395320812637
delayed,physics_only,51.348142205680766,68.82094166532109,0.3,0.39305555555555555,77.61848731112168,20002.287786986402,543478.2284866008,0.13753025426548027,0.030555555555555555,0.08194444444444444,0.030555555555555555,0.0,0.0,0.0,0.0,0.0,44.7798597910065,0.8598395320812637,0.8598395320812637
delayed,ml_only,51.348142205680766,68.82094166532109,0.3,0.39305555555555555,77.61848731112168,20001.653027450688,543478.2284866008,0.13927528033802114,0.030555555555555555,0.08333333333333333,0.030555555555555555,0.0,0.0,0.0,0.0,0.0,51.34814220568076,0.8598395320812637,0.8598395320812637
delayed,hybrid_no_trust,51.348142205680766,68.82094166532109,0.3,0.39305555555555555,77.61848731112168,20001.653027450688,543478.2284866008,0.13927528033802114,0.030555555555555555,0.08333333333333333,0.030555555555555555,0.0,0.0,0.0,0.0,0.0,51.34814220568076,0.8598395320812637,0.8598395320812637
delayed,tudt_no_sync,51.348142205680766,68.82094166532109,0.3,0.39305555555555555,77.61848731112168,20001.231719918243,543433.4144866009,0.1378159058751707,0.03611111111111111,0.09583333333333334,0.03611111111111111,0.0,0.0,0.0,0.0,0.0,51.34814220568076,0.8701989177176889,0.8598395320812637
delayed,tudt_no_data_reliability,51.348142205680766,68.82094166532109,0.3,0.39305555555555555,77.61848731112168,20000.194477765937,543408.9704866009,0.1382682732764521,0.0375,0.1,0.0375,0.0,0.0,0.0,0.0,0.0,51.34814220568076,0.8311193761083515,0.8598395320812637
delayed,tudt_no_uncertainty,51.348142205680766,68.82094166532109,0.3,0.39305555555555555,77.61848731112168,20001.653027450688,543478.2284866008,0.13927528033802114,0.030555555555555555,0.08333333333333333,0.030555555555555555,0.0,0.0,0.0,0.0,0.0,51.34814220568076,0.9018670529051754,0.8598395320812637
delayed,tudt_no_security,51.348142205680766,68.82094166532109,0.3,0.39305555555555555,77.61848731112168,20000.448828804547,543433.4144866009,0.1381891168548182,0.0375,0.10138888888888889,0.0375,0.0,0.0,0.0,0.0,0.0,51.34814220568076,0.8382994151015797,0.8598395320812637
delayed,tudt_f,51.348142205680766,68.82094166532109,0.3,0.39305555555555555,77.61848731112168,20001.231719918243,543433.4144866009,0.1378159058751707,0.0,0.09583333333333334,0.0,0.0,0.0,0.0,0.0,0.0,51.34814220568076,0.8598395320812637,0.8598395320812637
noisy,monitoring_only,14.484892915035015,18.36267695328274,0.7513888888888889,0.5833333333333334,58.48942918252611,20018.638482136914,543500.1124866009,0.5499999999999999,0.0,0.0,0.0,0.0,0.0,0.0,0.0,0.0,29.327295919870952,0.8865886133155269,0.8865886133155269
noisy,physics_only,14.484892915035015,18.36267695328274,0.7513888888888889,0.5833333333333334,58.48942918252611,19997.3151710283,543502.6724866009,0.13857261251005998,0.008333333333333333,0.09027777777777778,0.008333333333333333,0.0,0.0,0.0,0.0,0.0,40.52733995941523,0.8865886133155269,0.8865886133155269
noisy,ml_only,14.484892915035015,18.36267695328274,0.7513888888888889,0.5833333333333334,58.48942918252611,20011.418443806244,543597.116486601,0.13839734078009258,0.008333333333333333,0.10277777777777777,0.008333333333333333,0.0,0.0,0.0,0.0,0.0,14.484892915035015,0.8865886133155269,0.8865886133155269
noisy,hybrid_no_trust,14.484892915035015,18.36267695328274,0.7513888888888889,0.5833333333333334,58.48942918252611,20011.418443806244,543597.116486601,0.13839734078009258,0.008333333333333333,0.10277777777777777,0.008333333333333333,0.0,0.0,0.0,0.0,0.0,14.484892915035015,0.8865886133155269,0.8865886133155269
noisy,tudt_no_sync,14.484892915035015,18.36267695328274,0.7513888888888889,0.5833333333333334,58.48942918252611,20011.592695313622,543588.9684866009,0.1402453897175459,0.009722222222222222,0.10555555555555556,0.009722222222222222,0.0,0.0,0.0,0.0,0.0,14.484892915035015,0.879110226127783,0.8865886133155269
noisy,tudt_no_data_reliability,14.484892915035015,18.36267695328274,0.7513888888888889,0.5833333333333334,58.48942918252611,20011.592695313622,543588.9684866009,0.1402453897175459,0.009722222222222222,0.10555555555555556,0.009722222222222222,0.0,0.0,0.0,0.0,0.0,14.484892915035015,0.8967848177540358,0.8865886133155269
noisy,tudt_no_uncertainty,14.484892915035015,18.36267695328274,0.7513888888888889,0.5833333333333334,58.48942918252611,20011.418443806244,543597.116486601,0.13839734078009258,0.008333333333333333,0.10277777777777777,0.008333333333333333,0.0,0.0,0.0,0.0,0.0,14.484892915035015,0.8944152733681051,0.8865886133155269
noisy,tudt_no_security,14.484892915035015,18.36267695328274,0.7513888888888889,0.5833333333333334,58.48942918252611,20011.31219649362,543588.9684866009,0.14030250777310146,0.009722222222222222,0.10694444444444444,0.009722222222222222,0.0,0.0,0.0,0.0,0.0,14.484892915035015,0.8762357666444084,0.8865886133155269
noisy,tudt_f,14.484892915035015,18.36267695328274,0.7513888888888889,0.5833333333333334,58.48942918252611,20011.592695313622,543588.9684866009,0.1402453897175459,0.0,0.10555555555555556,0.0,0.0,0.0,0.0,0.0,0.0,14.484892915035015,0.8865886133155269,0.8865886133155269
disturbance,monitoring_only,22.531470844393088,56.130037902506366,0.8333333333333334,0.8277777777777777,62.45831617438104,20018.638482136914,543500.1124866009,0.5499999999999999,0.0,0.0,0.0,0.0,0.0,0.0,0.0,0.0,50.48773428796355,0.9674109308219178,0.9674109308219178
disturbance,physics_only,22.531470844393088,56.130037902506366,0.8333333333333334,0.8277777777777777,62.45831617438104,19997.920645942457,543518.9684866009,0.13882818176513292,0.0,0.09583333333333334,0.0,0.0,0.0,0.0,0.0,0.0,43.720934181134304,0.9674109308219178,0.9674109308219178
disturbance,ml_only,22.531470844393088,56.130037902506366,0.8333333333333334,0.8277777777777777,62.45831617438104,20008.31951552286,543597.1164866008,0.14514119350702961,0.0,0.09583333333333334,0.0,0.0,0.0,0.0,0.0,0.0,22.531470844393088,0.9674109308219178,0.9674109308219178
disturbance,hybrid_no_trust,22.531470844393088,56.130037902506366,0.8333333333333334,0.8277777777777777,62.45831617438104,20008.31951552286,543597.1164866008,0.14514119350702961,0.0,0.09583333333333334,0.0,0.0,0.0,0.0,0.0,0.0,22.531470844393088,0.9674109308219178,0.9674109308219178
disturbance,tudt_no_sync,22.531470844393088,56.130037902506366,0.8333333333333334,0.8277777777777777,62.45831617438104,20008.31951552286,543597.1164866008,0.14514119350702961,0.0,0.09583333333333334,0.0,0.0,0.0,0.0,0.001388888888888889,1.0,22.531470844393088,0.9569519330929726,0.9674109308219178
disturbance,tudt_no_data_reliability,22.531470844393088,56.130037902506366,0.8333333333333334,0.8277777777777777,62.45831617438104,20008.31951552286,543597.1164866008,0.14514119350702961,0.0,0.09583333333333334,0.0,0.0,0.0,0.0,0.0,0.0,22.531470844393088,0.9625117966514457,0.9674109308219178
disturbance,tudt_no_uncertainty,22.531470844393088,56.130037902506366,0.8333333333333334,0.8277777777777777,62.45831617438104,20008.31951552286,543597.1164866008,0.14514119350702961,0.0,0.09583333333333334,0.0,0.0,0.0,0.0,0.0,0.0,22.531470844393088,0.9843022146535602,0.9674109308219178
disturbance,tudt_no_security,22.531470844393088,56.130037902506366,0.8333333333333334,0.8277777777777777,62.45831617438104,20008.31951552286,543597.1164866008,0.14514119350702961,0.0,0.09583333333333334,0.0,0.0,0.0,0.0,0.0,0.0,22.531470844393088,0.965319913527397,0.9674109308219178
disturbance,tudt_f,22.531470844393088,56.130037902506366,0.8333333333333334,0.8277777777777777,62.45831617438104,20008.31951552286,543597.1164866008,0.14514119350702961,0.0,0.09583333333333334,0.0,0.0,0.0,0.0,0.0,0.0,22.531470844393088,0.9674109308219178,0.9674109308219178
security_anomaly,monitoring_only,26.27456503842912,82.01091176049407,0.8430555555555556,0.8375,63.42209701883003,20018.638482136914,543500.1124866009,0.5499999999999999,0.0,0.0,0.0,0.0,0.0,0.0,0.0,0.0,55.030605263904036,0.9635342069064446,0.9635342069064446
security_anomaly,physics_only,26.27456503842912,82.01091176049407,0.8430555555555556,0.8375,63.42209701883003,19996.369975374386,543551.5604866009,0.1400553534011261,0.011111111111111112,0.10416666666666667,0.011111111111111112,0.0,0.0,0.0,0.0,0.0,43.52405025377099,0.9635342069064446,0.9635342069064446
security_anomaly,ml_only,26.27456503842912,82.01091176049407,0.8430555555555556,0.8375,63.42209701883003,20010.014991538566,543717.1466919254,0.14643994999034682,0.022222222222222223,0.13055555555555556,0.022222222222222223,0.0,0.0,0.0,0.0,0.0,26.27456503842912,0.9635342069064446,0.9635342069064446
security_anomaly,hybrid_no_trust,26.27456503842912,82.01091176049407,0.8430555555555556,0.8375,63.42209701883003,20010.014991538566,543717.1466919254,0.14643994999034682,0.022222222222222223,0.13055555555555556,0.022222222222222223,0.0,0.0,0.0,0.0,0.0,26.27456503842912,0.9635342069064446,0.9635342069064446
security_anomaly,tudt_no_sync,26.27456503842912,82.01091176049407,0.8430555555555556,0.8375,63.42209701883003,20008.890939912893,543584.8944866009,0.14330723018107772,0.001388888888888889,0.09444444444444444,0.001388888888888889,0.0,0.0,0.0,0.05694444444444444,1.0,26.27456503842912,0.9553097313161453,0.9635342069064446
security_anomaly,tudt_no_data_reliability,26.27456503842912,82.01091176049407,0.8430555555555556,0.8375,63.42209701883003,20008.872911943297,543620.2633977283,0.14411604347100695,0.013888888888888888,0.11527777777777778,0.013888888888888888,0.0,0.0,0.0,0.02361111111111111,1.0,26.27456503842912,0.9598196832826672,0.9635342069064446
security_anomaly,tudt_no_uncertainty,26.27456503842912,82.01091176049407,0.8430555555555556,0.8375,63.42209701883003,20009.147061502685,543648.9835892632,0.14451870461377814,0.022222222222222223,0.13194444444444445,0.022222222222222223,0.0,0.0,0.0,0.004166666666666667,1.0,26.27456503842912,0.9785335636838947,0.9635342069064446
security_anomaly,tudt_no_security,26.27456503842912,82.01091176049407,0.8430555555555556,0.8375,63.42209701883003,20009.196301892895,543593.0424866008,0.1438212926810777,0.004166666666666667,0.09861111111111111,0.004166666666666667,0.0,0.0,0.0,0.04861111111111111,1.0,26.27456503842912,0.9601510919663893,0.9635342069064446
security_anomaly,tudt_f,26.27456503842912,82.01091176049407,0.8430555555555556,0.8375,63.42209701883003,20008.960905892895,543588.9684866009,0.14376417462552213,0.0,0.09583333333333334,0.0,0.0,0.0,0.0,0.05555555555555555,1.0,26.27456503842912,0.9635342069064446,0.9635342069064446
