window_start,scenario,baseline,full_action_rate,cautious_action_rate,abstention_rate,no_action_rate,recommendation_rate,physical_infeasibility_rate,low_trust_automation_rate,energy_cost_eur
2020-01-01 00:00:00+00:00,missing,hybrid_no_trust,0.3273809523809524,0.0,0.0,0.6726190476190477,0.3273809523809524,0.0,0.023809523809523808,3923.75181573627
2020-01-01 00:00:00+00:00,missing,tudt_f,0.30952380952380953,0.023809523809523808,0.0,0.6666666666666666,0.3333333333333333,0.0,0.0,3924.2558484530227
2020-01-01 00:00:00+00:00,missing,uncertainty_only_gate,0.2857142857142857,0.047619047619047616,0.0,0.6666666666666666,0.3333333333333333,0.0,0.023809523809523808,3924.5038773486963
2020-01-01 00:00:00+00:00,missing,data_quality_only_gate,0.2619047619047619,0.05357142857142857,0.0,0.6845238095238095,0.31547619047619047,0.0,0.017857142857142856,3925.4638127947214
2020-01-01 00:00:00+00:00,missing,sync_only_gate,0.3273809523809524,0.0,0.0,0.6726190476190477,0.3273809523809524,0.0,0.023809523809523808,3923.75181573627
2020-01-01 00:00:00+00:00,missing,security_only_gate,0.3273809523809524,0.0,0.0,0.6726190476190477,0.3273809523809524,0.0,0.023809523809523808,3923.75181573627
2020-01-01 00:00:00+00:00,missing,delay_detector_gate,0.3273809523809524,0.0,0.0,0.6726190476190477,0.3273809523809524,0.0,0.023809523809523808,3923.75181573627
2020-01-01 00:00:00+00:00,missing,anomaly_detector_gate,0.3273809523809524,0.0,0.0,0.6726190476190477,0.3273809523809524,0.0,0.023809523809523808,3923.75181573627
2020-01-01 00:00:00+00:00,delayed,hybrid_no_trust,0.32142857142857145,0.0,0.0,0.6785714285714286,0.32142857142857145,0.0,0.03571428571428571,3912.844975075587
2020-01-01 00:00:00+00:00,delayed,tudt_f,0.30357142857142855,0.03571428571428571,0.0,0.6607142857142857,0.3392857142857143,0.0,0.0,3912.2191727064724
2020-01-01 00:00:00+00:00,delayed,uncertainty_only_gate,0.16071428571428573,0.25595238095238093,0.08333333333333333,0.5,0.4166666666666667,0.0,0.0,3911.867288737193
2020-01-01 00:00:00+00:00,delayed,data_quality_only_gate,0.32142857142857145,0.0,0.0,0.6785714285714286,0.32142857142857145,0.0,0.03571428571428571,3912.844975075587
2020-01-01 00:00:00+00:00,delayed,sync_only_gate,0.0,0.8869047619047619,0.0,0.1130952380952381,0.8869047619047619,0.0,0.07142857142857142,3917.682853615144
2020-01-01 00:00:00+00:00,delayed,security_only_gate,0.32142857142857145,0.0,0.0,0.6785714285714286,0.32142857142857145,0.0,0.03571428571428571,3912.844975075587
2020-01-01 00:00:00+00:00,delayed,delay_detector_gate,0.0,0.0,1.0,0.0,0.0,0.0,0.0,3937.690378078525
2020-01-01 00:00:00+00:00,delayed,anomaly_detector_gate,0.32142857142857145,0.0,0.0,0.6785714285714286,0.32142857142857145,0.0,0.03571428571428571,3912.844975075587
2020-01-01 00:00:00+00:00,noisy,hybrid_no_trust,0.2857142857142857,0.0,0.0,0.7142857142857143,0.2857142857142857,0.0,0.0,3927.0480146149994
2020-01-01 00:00:00+00:00,noisy,tudt_f,0.2857142857142857,0.0,0.0,0.7142857142857143,0.2857142857142857,0.0,0.0,3927.0480146149994
2020-01-01 00:00:00+00:00,noisy,uncertainty_only_gate,0.25,0.03571428571428571,0.0,0.7142857142857143,0.2857142857142857,0.0,0.0,3927.118073929454
2020-01-01 00:00:00+00:00,noisy,data_quality_only_gate,0.2857142857142857,0.0,0.0,0.7142857142857143,0.2857142857142857,0.0,0.0,3927.0480146149994
2020-01-01 00:00:00+00:00,noisy,sync_only_gate,0.2857142857142857,0.0,0.0,0.7142857142857143,0.2857142857142857,0.0,0.0,3927.0480146149994
2020-01-01 00:00:00+00:00,noisy,security_only_gate,0.2857142857142857,0.0,0.0,0.7142857142857143,0.2857142857142857,0.0,0.0,3927.0480146149994
2020-01-01 00:00:00+00:00,noisy,delay_detector_gate,0.2857142857142857,0.0,0.0,0.7142857142857143,0.2857142857142857,0.0,0.0,3927.0480146149994
2020-01-01 00:00:00+00:00,noisy,anomaly_detector_gate,0.2857142857142857,0.0,0.0,0.7142857142857143,0.2857142857142857,0.0,0.0,3927.0480146149994
2020-01-01 00:00:00+00:00,security_anomaly,hybrid_no_trust,0.31547619047619047,0.0,0.0,0.6845238095238095,0.31547619047619047,0.0,0.017857142857142856,3922.355594679252
2020-01-01 00:00:00+00:00,security_anomaly,tudt_f,0.2916666666666667,0.0,0.05952380952380952,0.6488095238095238,0.2916666666666667,0.0,0.0,3922.271656559252
2020-01-01 00:00:00+00:00,security_anomaly,uncertainty_only_gate,0.26785714285714285,0.023809523809523808,0.05952380952380952,0.6488095238095238,0.2916666666666667,0.0,0.0,3922.418866694926
2020-01-01 00:00:00+00:00,security_anomaly,data_quality_only_gate,0.2916666666666667,0.0,0.05952380952380952,0.6488095238095238,0.2916666666666667,0.0,0.0,3922.271656559252
2020-01-01 00:00:00+00:00,security_anomaly,sync_only_gate,0.2976190476190476,0.017857142857142856,0.0,0.6845238095238095,0.31547619047619047,0.0,0.017857142857142856,3922.313625619252
2020-01-01 00:00:00+00:00,security_anomaly,security_only_gate,0.2916666666666667,0.0,0.05952380952380952,0.6488095238095238,0.2916666666666667,0.0,0.0,3922.271656559252
2020-01-01 00:00:00+00:00,security_anomaly,delay_detector_gate,0.31547619047619047,0.0,0.0,0.6845238095238095,0.31547619047619047,0.0,0.017857142857142856,3922.355594679252
2020-01-01 00:00:00+00:00,security_anomaly,anomaly_detector_gate,0.2916666666666667,0.0,0.05952380952380952,0.6488095238095238,0.2916666666666667,0.0,0.0,3922.271656559252
2020-02-01 00:00:00+00:00,missing,hybrid_no_trust,0.1488095238095238,0.0,0.0,0.8511904761904762,0.1488095238095238,0.0,0.005952380952380952,3748.304912912435
2020-02-01 00:00:00+00:00,missing,tudt_f,0.1488095238095238,0.005952380952380952,0.0,0.8452380952380952,0.15476190476190477,0.0,0.0,3748.3211745582075
2020-02-01 00:00:00+00:00,missing,uncertainty_only_gate,0.1488095238095238,0.017857142857142856,0.011904761904761904,0.8214285714285714,0.16666666666666666,0.0,0.005952380952380952,3747.305062932114
2020-02-01 00:00:00+00:00,missing,data_quality_only_gate,0.14285714285714285,0.023809523809523808,0.0,0.8333333333333334,0.16666666666666666,0.0,0.005952380952380952,3748.7676750118244
2020-02-01 00:00:00+00:00,missing,sync_only_gate,0.1488095238095238,0.005952380952380952,0.0,0.8452380952380952,0.15476190476190477,0.0,0.005952380952380952,3748.3211745582075
2020-02-01 00:00:00+00:00,missing,security_only_gate,0.1488095238095238,0.0,0.0,0.8511904761904762,0.1488095238095238,0.0,0.005952380952380952,3748.304912912435
2020-02-01 00:00:00+00:00,missing,delay_detector_gate,0.1488095238095238,0.0,0.0,0.8511904761904762,0.1488095238095238,0.0,0.005952380952380952,3748.304912912435
2020-02-01 00:00:00+00:00,missing,anomaly_detector_gate,0.1488095238095238,0.0,0.0,0.8511904761904762,0.1488095238095238,0.0,0.005952380952380952,3748.304912912435
2020-02-01 00:00:00+00:00,delayed,hybrid_no_trust,0.14285714285714285,0.0,0.0,0.8571428571428571,0.14285714285714285,0.0,0.005952380952380952,3743.430347478517
2020-02-01 00:00:00+00:00,delayed,tudt_f,0.13690476190476192,0.005952380952380952,0.0,0.8571428571428571,0.14285714285714285,0.0,0.0,3743.447439816602
2020-02-01 00:00:00+00:00,delayed,uncertainty_only_gate,0.07738095238095238,0.08928571428571429,0.13690476190476192,0.6964285714285714,0.16666666666666666,0.0,0.0,3751.4418255850806
2020-02-01 00:00:00+00:00,delayed,data_quality_only_gate,0.14285714285714285,0.0,0.0,0.8571428571428571,0.14285714285714285,0.0,0.005952380952380952,3743.430347478517
2020-02-01 00:00:00+00:00,delayed,sync_only_gate,0.0,0.36904761904761907,0.0,0.6309523809523809,0.36904761904761907,0.0,0.023809523809523808,3756.409068232042
2020-02-01 00:00:00+00:00,delayed,security_only_gate,0.14285714285714285,0.0,0.0,0.8571428571428571,0.14285714285714285,0.0,0.005952380952380952,3743.430347478517
2020-02-01 00:00:00+00:00,delayed,delay_detector_gate,0.0,0.0,1.0,0.0,0.0,0.0,0.0,3775.752990494215
2020-02-01 00:00:00+00:00,delayed,anomaly_detector_gate,0.14285714285714285,0.0,0.0,0.8571428571428571,0.14285714285714285,0.0,0.005952380952380952,3743.430347478517
2020-02-01 00:00:00+00:00,noisy,hybrid_no_trust,0.16666666666666666,0.0,0.0,0.8333333333333334,0.16666666666666666,0.0,0.0,3749.450753859809
2020-02-01 00:00:00+00:00,noisy,tudt_f,0.16666666666666666,0.0,0.0,0.8333333333333334,0.16666666666666666,0.0,0.0,3749.450753859809
2020-02-01 00:00:00+00:00,noisy,uncertainty_only_gate,0.1488095238095238,0.03571428571428571,0.011904761904761904,0.8035714285714286,0.18452380952380953,0.0,0.0,3748.796375459344
2020-02-01 00:00:00+00:00,noisy,data_quality_only_gate,0.16666666666666666,0.0,0.0,0.8333333333333334,0.16666666666666666,0.0,0.0,3749.450753859809
2020-02-01 00:00:00+00:00,noisy,sync_only_gate,0.16666666666666666,0.0,0.0,0.8333333333333334,0.16666666666666666,0.0,0.0,3749.450753859809
2020-02-01 00:00:00+00:00,noisy,security_only_gate,0.16666666666666666,0.0,0.0,0.8333333333333334,0.16666666666666666,0.0,0.0,3749.450753859809
2020-02-01 00:00:00+00:00,noisy,delay_detector_gate,0.16666666666666666,0.0,0.0,0.8333333333333334,0.16666666666666666,0.0,0.0,3749.450753859809
2020-02-01 00:00:00+00:00,noisy,anomaly_detector_gate,0.16666666666666666,0.0,0.0,0.8333333333333334,0.16666666666666666,0.0,0.0,3749.450753859809
2020-02-01 00:00:00+00:00,security_anomaly,hybrid_no_trust,0.18452380952380953,0.0,0.0,0.8154761904761905,0.18452380952380953,0.0,0.023809523809523808,3748.7831832300326
2020-02-01 00:00:00+00:00,security_anomaly,tudt_f,0.1488095238095238,0.011904761904761904,0.02976190476190476,0.8095238095238095,0.16071428571428573,0.0,0.0,3748.3688316700327
2020-02-01 00:00:00+00:00,security_anomaly,uncertainty_only_gate,0.14285714285714285,0.017857142857142856,0.047619047619047616,0.7916666666666666,0.16071428571428573,0.0,0.005952380952380952,3747.2632905639393
2020-02-01 00:00:00+00:00,security_anomaly,data_quality_only_gate,0.1488095238095238,0.0,0.05952380952380952,0.7916666666666666,0.1488095238095238,0.0,0.0,3748.3389926155646
2020-02-01 00:00:00+00:00,security_anomaly,sync_only_gate,0.16071428571428573,0.023809523809523808,0.0,0.8154761904761905,0.18452380952380953,0.0,0.023809523809523808,3748.518517710033
2020-02-01 00:00:00+00:00,security_anomaly,security_only_gate,0.1488095238095238,0.0,0.05952380952380952,0.7916666666666666,0.1488095238095238,0.0,0.0,3748.3389926155646
2020-02-01 00:00:00+00:00,security_anomaly,delay_detector_gate,0.18452380952380953,0.0,0.0,0.8154761904761905,0.18452380952380953,0.0,0.023809523809523808,3748.7831832300326
2020-02-01 00:00:00+00:00,security_anomaly,anomaly_detector_gate,0.1488095238095238,0.0,0.05952380952380952,0.7916666666666666,0.1488095238095238,0.0,0.0,3748.3389926155646
2020-03-01 00:00:00+00:00,missing,hybrid_no_trust,0.08333333333333333,0.0,0.0,0.9166666666666666,0.08333333333333333,0.0,0.005952380952380952,4087.199885628114
2020-03-01 00:00:00+00:00,missing,tudt_f,0.07738095238095238,0.005952380952380952,0.0,0.9166666666666666,0.08333333333333333,0.0,0.0,4087.843146428114
2020-03-01 00:00:00+00:00,missing,uncertainty_only_gate,0.07738095238095238,0.005952380952380952,0.017857142857142856,0.8988095238095238,0.08333333333333333,0.0,0.005952380952380952,4087.843146428114
2020-03-01 00:00:00+00:00,missing,data_quality_only_gate,0.07142857142857142,0.023809523809523808,0.0,0.9047619047619048,0.09523809523809523,0.0,0.005952380952380952,4087.818311055774
2020-03-01 00:00:00+00:00,missing,sync_only_gate,0.08333333333333333,0.0,0.0,0.9166666666666666,0.08333333333333333,0.0,0.005952380952380952,4087.199885628114
2020-03-01 00:00:00+00:00,missing,security_only_gate,0.08333333333333333,0.0,0.0,0.9166666666666666,0.08333333333333333,0.0,0.005952380952380952,4087.199885628114
2020-03-01 00:00:00+00:00,missing,delay_detector_gate,0.08333333333333333,0.0,0.0,0.9166666666666666,0.08333333333333333,0.0,0.005952380952380952,4087.199885628114
2020-03-01 00:00:00+00:00,missing,anomaly_detector_gate,0.08333333333333333,0.0,0.0,0.9166666666666666,0.08333333333333333,0.0,0.005952380952380952,4087.199885628114
2020-03-01 00:00:00+00:00,delayed,hybrid_no_trust,0.07738095238095238,0.0,0.0,0.9226190476190477,0.07738095238095238,0.0,0.03571428571428571,4093.266069339268
2020-03-01 00:00:00+00:00,delayed,tudt_f,0.047619047619047616,0.03571428571428571,0.0,0.9166666666666666,0.08333333333333333,0.0,0.0,4093.125900548489
2020-03-01 00:00:00+00:00,delayed,uncertainty_only_gate,0.041666666666666664,0.03571428571428571,0.18452380952380953,0.7380952380952381,0.07738095238095238,0.0,0.0,4091.674347517267
2020-03-01 00:00:00+00:00,delayed,data_quality_only_gate,0.07738095238095238,0.0,0.0,0.9226190476190477,0.07738095238095238,0.0,0.03571428571428571,4093.266069339268
2020-03-01 00:00:00+00:00,delayed,sync_only_gate,0.0,0.2857142857142857,0.0,0.7142857142857143,0.2857142857142857,0.0,0.06547619047619048,4092.301714496615
2020-03-01 00:00:00+00:00,delayed,security_only_gate,0.07738095238095238,0.0,0.0,0.9226190476190477,0.07738095238095238,0.0,0.03571428571428571,4093.266069339268
2020-03-01 00:00:00+00:00,delayed,delay_detector_gate,0.0,0.0,1.0,0.0,0.0,0.0,0.0,4107.807158075184
2020-03-01 00:00:00+00:00,delayed,anomaly_detector_gate,0.07738095238095238,0.0,0.0,0.9226190476190477,0.07738095238095238,0.0,0.03571428571428571,4093.266069339268
2020-03-01 00:00:00+00:00,noisy,hybrid_no_trust,0.09523809523809523,0.0,0.0,0.9047619047619048,0.09523809523809523,0.0,0.005952380952380952,4092.885162467777
2020-03-01 00:00:00+00:00,noisy,tudt_f,0.09523809523809523,0.005952380952380952,0.0,0.8988095238095238,0.10119047619047619,0.0,0.0,4091.5917259365483
2020-03-01 00:00:00+00:00,noisy,uncertainty_only_gate,0.09523809523809523,0.011904761904761904,0.017857142857142856,0.875,0.10714285714285714,0.0,0.0,4090.698652499264
2020-03-01 00:00:00+00:00,noisy,data_quality_only_gate,0.09523809523809523,0.0,0.0,0.9047619047619048,0.09523809523809523,0.0,0.005952380952380952,4092.885162467777
2020-03-01 00:00:00+00:00,noisy,sync_only_gate,0.09523809523809523,0.0,0.0,0.9047619047619048,0.09523809523809523,0.0,0.005952380952380952,4092.885162467777
2020-03-01 00:00:00+00:00,noisy,security_only_gate,0.09523809523809523,0.0,0.0,0.9047619047619048,0.09523809523809523,0.0,0.005952380952380952,4092.885162467777
2020-03-01 00:00:00+00:00,noisy,delay_detector_gate,0.09523809523809523,0.0,0.0,0.9047619047619048,0.09523809523809523,0.0,0.005952380952380952,4092.885162467777
2020-03-01 00:00:00+00:00,noisy,anomaly_detector_gate,0.09523809523809523,0.0,0.0,0.9047619047619048,0.09523809523809523,0.0,0.005952380952380952,4092.885162467777
2020-03-01 00:00:00+00:00,security_anomaly,hybrid_no_trust,0.10714285714285714,0.0,0.0,0.8928571428571429,0.10714285714285714,0.0,0.011904761904761904,4092.7544980298026
2020-03-01 00:00:00+00:00,security_anomaly,tudt_f,0.08333333333333333,0.0,0.05952380952380952,0.8571428571428571,0.08333333333333333,0.0,0.0,4092.2778170698025
2020-03-01 00:00:00+00:00,security_anomaly,uncertainty_only_gate,0.08333333333333333,0.005952380952380952,0.05952380952380952,0.8511904761904762,0.08928571428571429,0.0,0.0,4091.1010755072507
2020-03-01 00:00:00+00:00,security_anomaly,data_quality_only_gate,0.08333333333333333,0.0,0.05952380952380952,0.8571428571428571,0.08333333333333333,0.0,0.0,4092.2778170698025
2020-03-01 00:00:00+00:00,security_anomaly,sync_only_gate,0.09523809523809523,0.011904761904761904,0.0,0.8928571428571429,0.10714285714285714,0.0,0.011904761904761904,4092.5161575498028
2020-03-01 00:00:00+00:00,security_anomaly,security_only_gate,0.08333333333333333,0.0,0.05952380952380952,0.8571428571428571,0.08333333333333333,0.0,0.0,4092.2778170698025
2020-03-01 00:00:00+00:00,security_anomaly,delay_detector_gate,0.10714285714285714,0.0,0.0,0.8928571428571429,0.10714285714285714,0.0,0.011904761904761904,4092.7544980298026
2020-03-01 00:00:00+00:00,security_anomaly,anomaly_detector_gate,0.08333333333333333,0.0,0.05952380952380952,0.8571428571428571,0.08333333333333333,0.0,0.0,4092.2778170698025
2020-04-01 00:00:00+00:00,missing,hybrid_no_trust,0.24404761904761904,0.0,0.0,0.7559523809523809,0.24404761904761904,0.0,0.023809523809523808,2048.6969110425875
2020-04-01 00:00:00+00:00,missing,tudt_f,0.23214285714285715,0.023809523809523808,0.0,0.7440476190476191,0.25595238095238093,0.0,0.0,2048.6440813570553
2020-04-01 00:00:00+00:00,missing,uncertainty_only_gate,0.17261904761904762,0.16666666666666666,0.03571428571428571,0.625,0.3392857142857143,0.0,0.023809523809523808,2043.370344659272
2020-04-01 00:00:00+00:00,missing,data_quality_only_gate,0.22023809523809523,0.03571428571428571,0.0,0.7440476190476191,0.25595238095238093,0.0,0.023809523809523808,2049.5678884080853
2020-04-01 00:00:00+00:00,missing,sync_only_gate,0.24404761904761904,0.0,0.0,0.7559523809523809,0.24404761904761904,0.0,0.023809523809523808,2048.6969110425875
2020-04-01 00:00:00+00:00,missing,security_only_gate,0.24404761904761904,0.0,0.0,0.7559523809523809,0.24404761904761904,0.0,0.023809523809523808,2048.6969110425875
2020-04-01 00:00:00+00:00,missing,delay_detector_gate,0.24404761904761904,0.0,0.0,0.7559523809523809,0.24404761904761904,0.0,0.023809523809523808,2048.6969110425875
2020-04-01 00:00:00+00:00,missing,anomaly_detector_gate,0.24404761904761904,0.0,0.0,0.7559523809523809,0.24404761904761904,0.0,0.023809523809523808,2048.6969110425875
2020-04-01 00:00:00+00:00,delayed,hybrid_no_trust,0.23809523809523808,0.0,0.0,0.7619047619047619,0.23809523809523808,0.0,0.07142857142857142,2044.6109599566155
2020-04-01 00:00:00+00:00,delayed,tudt_f,0.19642857142857142,0.08928571428571429,0.0,0.7142857142857143,0.2857142857142857,0.0,0.0,2044.643876464537
2020-04-01 00:00:00+00:00,delayed,uncertainty_only_gate,0.07142857142857142,0.27976190476190477,0.21428571428571427,0.43452380952380953,0.35119047619047616,0.0,0.0,2050.081425287702
2020-04-01 00:00:00+00:00,delayed,data_quality_only_gate,0.23809523809523808,0.0,0.0,0.7619047619047619,0.23809523809523808,0.0,0.07142857142857142,2044.6109599566155
2020-04-01 00:00:00+00:00,delayed,sync_only_gate,0.0,0.7976190476190477,0.0,0.20238095238095238,0.7976190476190477,0.0,0.16666666666666666,2044.3464693606113
2020-04-01 00:00:00+00:00,delayed,security_only_gate,0.23809523809523808,0.0,0.0,0.7619047619047619,0.23809523809523808,0.0,0.07142857142857142,2044.6109599566155
2020-04-01 00:00:00+00:00,delayed,delay_detector_gate,0.0,0.0,1.0,0.0,0.0,0.0,0.0,2064.0159769687057
2020-04-01 00:00:00+00:00,delayed,anomaly_detector_gate,0.23809523809523808,0.0,0.0,0.7619047619047619,0.23809523809523808,0.0,0.07142857142857142,2044.6109599566155
2020-04-01 00:00:00+00:00,noisy,hybrid_no_trust,0.2261904761904762,0.0,0.0,0.7738095238095238,0.2261904761904762,0.0,0.017857142857142856,2049.907995291328
2020-04-01 00:00:00+00:00,noisy,tudt_f,0.22023809523809523,0.017857142857142856,0.0,0.7619047619047619,0.23809523809523808,0.0,0.0,2049.9026517936472
2020-04-01 00:00:00+00:00,noisy,uncertainty_only_gate,0.11904761904761904,0.23214285714285715,0.07142857142857142,0.5773809523809523,0.35119047619047616,0.0,0.0,2043.4424292134247
2020-04-01 00:00:00+00:00,noisy,data_quality_only_gate,0.2261904761904762,0.0,0.0,0.7738095238095238,0.2261904761904762,0.0,0.017857142857142856,2049.907995291328
2020-04-01 00:00:00+00:00,noisy,sync_only_gate,0.2261904761904762,0.0,0.0,0.7738095238095238,0.2261904761904762,0.0,0.017857142857142856,2049.907995291328
2020-04-01 00:00:00+00:00,noisy,security_only_gate,0.2261904761904762,0.0,0.0,0.7738095238095238,0.2261904761904762,0.0,0.017857142857142856,2049.907995291328
2020-04-01 00:00:00+00:00,noisy,delay_detector_gate,0.2261904761904762,0.0,0.0,0.7738095238095238,0.2261904761904762,0.0,0.017857142857142856,2049.907995291328
2020-04-01 00:00:00+00:00,noisy,anomaly_detector_gate,0.2261904761904762,0.0,0.0,0.7738095238095238,0.2261904761904762,0.0,0.017857142857142856,2049.907995291328
2020-04-01 00:00:00+00:00,security_anomaly,hybrid_no_trust,0.27976190476190477,0.0,0.0,0.7202380952380952,0.27976190476190477,0.0,0.023809523809523808,2047.6172030323849
2020-04-01 00:00:00+00:00,security_anomaly,tudt_f,0.23809523809523808,0.005952380952380952,0.041666666666666664,0.7142857142857143,0.24404761904761904,0.0,0.0,2046.6463168420516
2020-04-01 00:00:00+00:00,security_anomaly,uncertainty_only_gate,0.16071428571428573,0.15476190476190477,0.08928571428571429,0.5952380952380952,0.31547619047619047,0.0,0.005952380952380952,2043.0227730953227
2020-04-01 00:00:00+00:00,security_anomaly,data_quality_only_gate,0.23809523809523808,0.0,0.05952380952380952,0.7023809523809523,0.23809523809523808,0.0,0.0,2047.3313614351039
2020-04-01 00:00:00+00:00,security_anomaly,sync_only_gate,0.25,0.023809523809523808,0.0,0.7261904761904762,0.27380952380952384,0.0,0.023809523809523808,2048.091048924049
2020-04-01 00:00:00+00:00,security_anomaly,security_only_gate,0.23809523809523808,0.0,0.05952380952380952,0.7023809523809523,0.23809523809523808,0.0,0.0,2047.3313614351039
2020-04-01 00:00:00+00:00,security_anomaly,delay_detector_gate,0.27976190476190477,0.0,0.0,0.7202380952380952,0.27976190476190477,0.0,0.023809523809523808,2047.6172030323849
2020-04-01 00:00:00+00:00,security_anomaly,anomaly_detector_gate,0.23809523809523808,0.0,0.05952380952380952,0.7023809523809523,0.23809523809523808,0.0,0.0,2047.3313614351039
2020-05-01 00:00:00+00:00,missing,hybrid_no_trust,0.2976190476190476,0.0,0.0,0.7023809523809523,0.2976190476190476,0.0,0.011904761904761904,1935.0303459876259
2020-05-01 00:00:00+00:00,missing,tudt_f,0.2976190476190476,0.011904761904761904,0.0,0.6904761904761905,0.30952380952380953,0.0,0.0,1934.9883140727325
2020-05-01 00:00:00+00:00,missing,uncertainty_only_gate,0.20238095238095238,0.18452380952380953,0.017857142857142856,0.5952380952380952,0.3869047619047619,0.0,0.017857142857142856,1932.4998828274743
2020-05-01 00:00:00+00:00,missing,data_quality_only_gate,0.2916666666666667,0.017857142857142856,0.0,0.6904761904761905,0.30952380952380953,0.0,0.011904761904761904,1935.0733472727325
2020-05-01 00:00:00+00:00,missing,sync_only_gate,0.2976190476190476,0.011904761904761904,0.0,0.6904761904761905,0.30952380952380953,0.0,0.011904761904761904,1934.9883140727325
2020-05-01 00:00:00+00:00,missing,security_only_gate,0.2976190476190476,0.0,0.0,0.7023809523809523,0.2976190476190476,0.0,0.011904761904761904,1935.0303459876259
2020-05-01 00:00:00+00:00,missing,delay_detector_gate,0.2976190476190476,0.0,0.0,0.7023809523809523,0.2976190476190476,0.0,0.011904761904761904,1935.0303459876259
2020-05-01 00:00:00+00:00,missing,anomaly_detector_gate,0.2976190476190476,0.0,0.0,0.7023809523809523,0.2976190476190476,0.0,0.011904761904761904,1935.0303459876259
2020-05-01 00:00:00+00:00,delayed,hybrid_no_trust,0.30952380952380953,0.0,0.0,0.6904761904761905,0.30952380952380953,0.0,0.07142857142857142,1925.6890995514677
2020-05-01 00:00:00+00:00,delayed,tudt_f,0.27976190476190477,0.11904761904761904,0.0,0.6011904761904762,0.39880952380952384,0.0,0.0,1926.0158097113115
2020-05-01 00:00:00+00:00,delayed,uncertainty_only_gate,0.05357142857142857,0.5238095238095238,0.20833333333333334,0.21428571428571427,0.5773809523809523,0.0,0.0,1935.3795951883128
2020-05-01 00:00:00+00:00,delayed,data_quality_only_gate,0.30952380952380953,0.0,0.0,0.6904761904761905,0.30952380952380953,0.0,0.07142857142857142,1925.6890995514677
2020-05-01 00:00:00+00:00,delayed,sync_only_gate,0.0,1.0,0.0,0.0,1.0,0.0,0.20833333333333334,1933.5715675529807
2020-05-01 00:00:00+00:00,delayed,security_only_gate,0.30952380952380953,0.0,0.0,0.6904761904761905,0.30952380952380953,0.0,0.07142857142857142,1925.6890995514677
2020-05-01 00:00:00+00:00,delayed,delay_detector_gate,0.0,0.0,1.0,0.0,0.0,0.0,0.0,1957.0167697268398
2020-05-01 00:00:00+00:00,delayed,anomaly_detector_gate,0.30952380952380953,0.0,0.0,0.6904761904761905,0.30952380952380953,0.0,0.07142857142857142,1925.6890995514677
2020-05-01 00:00:00+00:00,noisy,hybrid_no_trust,0.3273809523809524,0.0,0.0,0.6726190476190477,0.3273809523809524,0.0,0.06547619047619048,1936.0666850903276
2020-05-01 00:00:00+00:00,noisy,tudt_f,0.2857142857142857,0.06547619047619048,0.0,0.6488095238095238,0.35119047619047616,0.0,0.0,1935.0941997151117
2020-05-01 00:00:00+00:00,noisy,uncertainty_only_gate,0.20238095238095238,0.23809523809523808,0.10119047619047619,0.4583333333333333,0.44047619047619047,0.0,0.0,1931.907393367171
2020-05-01 00:00:00+00:00,noisy,data_quality_only_gate,0.3273809523809524,0.0,0.0,0.6726190476190477,0.3273809523809524,0.0,0.06547619047619048,1936.0666850903276
2020-05-01 00:00:00+00:00,noisy,sync_only_gate,0.3273809523809524,0.0,0.0,0.6726190476190477,0.3273809523809524,0.0,0.06547619047619048,1936.0666850903276
2020-05-01 00:00:00+00:00,noisy,security_only_gate,0.3273809523809524,0.0,0.0,0.6726190476190477,0.3273809523809524,0.0,0.06547619047619048,1936.0666850903276
2020-05-01 00:00:00+00:00,noisy,delay_detector_gate,0.3273809523809524,0.0,0.0,0.6726190476190477,0.3273809523809524,0.0,0.06547619047619048,1936.0666850903276
2020-05-01 00:00:00+00:00,noisy,anomaly_detector_gate,0.3273809523809524,0.0,0.0,0.6726190476190477,0.3273809523809524,0.0,0.06547619047619048,1936.0666850903276
2020-05-01 00:00:00+00:00,security_anomaly,hybrid_no_trust,0.2857142857142857,0.0,0.0,0.7142857142857143,0.2857142857142857,0.0,0.011904761904761904,1936.013036676105
2020-05-01 00:00:00+00:00,security_anomaly,tudt_f,0.2857142857142857,0.005952380952380952,0.03571428571428571,0.6726190476190477,0.2916666666666667,0.0,0.0,1935.8791857657366
2020-05-01 00:00:00+00:00,security_anomaly,uncertainty_only_gate,0.19642857142857142,0.17857142857142858,0.05952380952380952,0.5654761904761905,0.375,0.0,0.005952380952380952,1934.0009641422066
2020-05-01 00:00:00+00:00,security_anomaly,data_quality_only_gate,0.2857142857142857,0.0,0.05952380952380952,0.6547619047619048,0.2857142857142857,0.0,0.0,1935.9684357657366
2020-05-01 00:00:00+00:00,security_anomaly,sync_only_gate,0.27976190476190477,0.011904761904761904,0.0,0.7083333333333334,0.2916666666666667,0.0,0.011904761904761904,1936.0436882020626
2020-05-01 00:00:00+00:00,security_anomaly,security_only_gate,0.2857142857142857,0.0,0.05952380952380952,0.6547619047619048,0.2857142857142857,0.0,0.0,1935.9684357657366
2020-05-01 00:00:00+00:00,security_anomaly,delay_detector_gate,0.2857142857142857,0.0,0.0,0.7142857142857143,0.2857142857142857,0.0,0.011904761904761904,1936.013036676105
2020-05-01 00:00:00+00:00,security_anomaly,anomaly_detector_gate,0.2857142857142857,0.0,0.05952380952380952,0.6547619047619048,0.2857142857142857,0.0,0.0,1935.9684357657366
2020-06-01 00:00:00+00:00,missing,hybrid_no_trust,0.3630952380952381,0.0,0.0,0.6369047619047619,0.3630952380952381,0.0,0.02976190476190476,2157.518821003442
2020-06-01 00:00:00+00:00,missing,tudt_f,0.34523809523809523,0.02976190476190476,0.0,0.625,0.375,0.0,0.0,2157.8205085256523
2020-06-01 00:00:00+00:00,missing,uncertainty_only_gate,0.27380952380952384,0.1488095238095238,0.05952380952380952,0.5178571428571429,0.4226190476190476,0.0,0.011904761904761904,2154.328978500019
2020-06-01 00:00:00+00:00,missing,data_quality_only_gate,0.3333333333333333,0.041666666666666664,0.0,0.625,0.375,0.0,0.02976190476190476,2156.7438899227236
2020-06-01 00:00:00+00:00,missing,sync_only_gate,0.3630952380952381,0.0,0.0,0.6369047619047619,0.3630952380952381,0.0,0.02976190476190476,2157.518821003442
2020-06-01 00:00:00+00:00,missing,security_only_gate,0.3630952380952381,0.0,0.0,0.6369047619047619,0.3630952380952381,0.0,0.02976190476190476,2157.518821003442
2020-06-01 00:00:00+00:00,missing,delay_detector_gate,0.3630952380952381,0.0,0.0,0.6369047619047619,0.3630952380952381,0.0,0.02976190476190476,2157.518821003442
2020-06-01 00:00:00+00:00,missing,anomaly_detector_gate,0.3630952380952381,0.0,0.0,0.6369047619047619,0.3630952380952381,0.0,0.02976190476190476,2157.518821003442
2020-06-01 00:00:00+00:00,delayed,hybrid_no_trust,0.39880952380952384,0.0,0.0,0.6011904761904762,0.39880952380952384,0.0,0.20238095238095238,2149.7826326215663
2020-06-01 00:00:00+00:00,delayed,tudt_f,0.25,0.26785714285714285,0.0,0.48214285714285715,0.5178571428571429,0.0,0.0,2153.9320428127103
2020-06-01 00:00:00+00:00,delayed,uncertainty_only_gate,0.06547619047619048,0.31547619047619047,0.375,0.24404761904761904,0.38095238095238093,0.0,0.0,2168.203034665706
2020-06-01 00:00:00+00:00,delayed,data_quality_only_gate,0.39880952380952384,0.0,0.0,0.6011904761904762,0.39880952380952384,0.0,0.20238095238095238,2149.7826326215663
2020-06-01 00:00:00+00:00,delayed,sync_only_gate,0.0,1.0,0.0,0.0,1.0,0.0,0.375,2160.034105361558
2020-06-01 00:00:00+00:00,delayed,security_only_gate,0.39880952380952384,0.0,0.0,0.6011904761904762,0.39880952380952384,0.0,0.20238095238095238,2149.7826326215663
2020-06-01 00:00:00+00:00,delayed,delay_detector_gate,0.0,0.0,1.0,0.0,0.0,0.0,0.0,2190.7924364564014
2020-06-01 00:00:00+00:00,delayed,anomaly_detector_gate,0.39880952380952384,0.0,0.0,0.6011904761904762,0.39880952380952384,0.0,0.20238095238095238,2149.7826326215663
2020-06-01 00:00:00+00:00,noisy,hybrid_no_trust,0.375,0.0,0.0,0.625,0.375,0.0,0.06547619047619048,2162.4580097962853
2020-06-01 00:00:00+00:00,noisy,tudt_f,0.3273809523809524,0.06547619047619048,0.0,0.6071428571428571,0.39285714285714285,0.0,0.0,2159.827269088779
2020-06-01 00:00:00+00:00,noisy,uncertainty_only_gate,0.20238095238095238,0.22023809523809523,0.10714285714285714,0.47023809523809523,0.4226190476190476,0.0,0.0,2155.145818732962
2020-06-01 00:00:00+00:00,noisy,data_quality_only_gate,0.375,0.0,0.0,0.625,0.375,0.0,0.06547619047619048,2162.4580097962853
2020-06-01 00:00:00+00:00,noisy,sync_only_gate,0.375,0.0,0.0,0.625,0.375,0.0,0.06547619047619048,2162.4580097962853
2020-06-01 00:00:00+00:00,noisy,security_only_gate,0.375,0.0,0.0,0.625,0.375,0.0,0.06547619047619048,2162.4580097962853
2020-06-01 00:00:00+00:00,noisy,delay_detector_gate,0.375,0.0,0.0,0.625,0.375,0.0,0.06547619047619048,2162.4580097962853
2020-06-01 00:00:00+00:00,noisy,anomaly_detector_gate,0.375,0.0,0.0,0.625,0.375,0.0,0.06547619047619048,2162.4580097962853
2020-06-01 00:00:00+00:00,security_anomaly,hybrid_no_trust,0.375,0.0,0.0,0.625,0.375,0.0,0.023809523809523808,2165.03021385008
2020-06-01 00:00:00+00:00,security_anomaly,tudt_f,0.35119047619047616,0.005952380952380952,0.02976190476190476,0.6130952380952381,0.35714285714285715,0.0,0.0,2158.0857758670827
2020-06-01 00:00:00+00:00,security_anomaly,uncertainty_only_gate,0.27976190476190477,0.11904761904761904,0.06547619047619048,0.5357142857142857,0.39880952380952384,0.0,0.005952380952380952,2154.840745282998
2020-06-01 00:00:00+00:00,security_anomaly,data_quality_only_gate,0.35119047619047616,0.0,0.05952380952380952,0.5892857142857143,0.35119047619047616,0.0,0.0,2157.693250611167
2020-06-01 00:00:00+00:00,security_anomaly,sync_only_gate,0.35119047619047616,0.023809523809523808,0.0,0.625,0.375,0.0,0.023809523809523808,2161.523816584723
2020-06-01 00:00:00+00:00,security_anomaly,security_only_gate,0.35119047619047616,0.0,0.05952380952380952,0.5892857142857143,0.35119047619047616,0.0,0.0,2157.693250611167
2020-06-01 00:00:00+00:00,security_anomaly,delay_detector_gate,0.375,0.0,0.0,0.625,0.375,0.0,0.023809523809523808,2165.03021385008
2020-06-01 00:00:00+00:00,security_anomaly,anomaly_detector_gate,0.35119047619047616,0.0,0.05952380952380952,0.5892857142857143,0.35119047619047616,0.0,0.0,2157.693250611167
2020-07-01 00:00:00+00:00,missing,hybrid_no_trust,0.24404761904761904,0.0,0.0,0.7559523809523809,0.24404761904761904,0.0,0.011904761904761904,2487.9462833956345
2020-07-01 00:00:00+00:00,missing,tudt_f,0.23809523809523808,0.011904761904761904,0.0,0.75,0.25,0.0,0.0,2488.1160944586522
2020-07-01 00:00:00+00:00,missing,uncertainty_only_gate,0.19642857142857142,0.09523809523809523,0.047619047619047616,0.6607142857142857,0.2916666666666667,0.0,0.011904761904761904,2484.1912066303566
2020-07-01 00:00:00+00:00,missing,data_quality_only_gate,0.23809523809523808,0.017857142857142856,0.0,0.7440476190476191,0.25595238095238093,0.0,0.011904761904761904,2487.607066799078
2020-07-01 00:00:00+00:00,missing,sync_only_gate,0.24404761904761904,0.0,0.0,0.7559523809523809,0.24404761904761904,0.0,0.011904761904761904,2487.9462833956345
2020-07-01 00:00:00+00:00,missing,security_only_gate,0.24404761904761904,0.0,0.0,0.7559523809523809,0.24404761904761904,0.0,0.011904761904761904,2487.9462833956345
2020-07-01 00:00:00+00:00,missing,delay_detector_gate,0.24404761904761904,0.0,0.0,0.7559523809523809,0.24404761904761904,0.0,0.011904761904761904,2487.9462833956345
2020-07-01 00:00:00+00:00,missing,anomaly_detector_gate,0.24404761904761904,0.0,0.0,0.7559523809523809,0.24404761904761904,0.0,0.011904761904761904,2487.9462833956345
2020-07-01 00:00:00+00:00,delayed,hybrid_no_trust,0.22023809523809523,0.0,0.0,0.7797619047619048,0.22023809523809523,0.0,0.14285714285714285,2496.44115522384
2020-07-01 00:00:00+00:00,delayed,tudt_f,0.13690476190476192,0.16071428571428573,0.0,0.7023809523809523,0.2976190476190476,0.0,0.0,2496.682200618517
2020-07-01 00:00:00+00:00,delayed,uncertainty_only_gate,0.08333333333333333,0.22023809523809523,0.47619047619047616,0.22023809523809523,0.30357142857142855,0.0,0.0,2492.7343179816357
2020-07-01 00:00:00+00:00,delayed,data_quality_only_gate,0.22023809523809523,0.0,0.0,0.7797619047619048,0.22023809523809523,0.0,0.14285714285714285,2496.44115522384
2020-07-01 00:00:00+00:00,delayed,sync_only_gate,0.0,0.7202380952380952,0.0,0.27976190476190477,0.7202380952380952,0.0,0.35119047619047616,2501.3133406622123
2020-07-01 00:00:00+00:00,delayed,security_only_gate,0.22023809523809523,0.0,0.0,0.7797619047619048,0.22023809523809523,0.0,0.14285714285714285,2496.44115522384
2020-07-01 00:00:00+00:00,delayed,delay_detector_gate,0.0,0.0,1.0,0.0,0.0,0.0,0.0,2518.4381984790803
2020-07-01 00:00:00+00:00,delayed,anomaly_detector_gate,0.22023809523809523,0.0,0.0,0.7797619047619048,0.22023809523809523,0.0,0.14285714285714285,2496.44115522384
2020-07-01 00:00:00+00:00,noisy,hybrid_no_trust,0.2261904761904762,0.0,0.0,0.7738095238095238,0.2261904761904762,0.0,0.023809523809523808,2496.100367953722
2020-07-01 00:00:00+00:00,noisy,tudt_f,0.21428571428571427,0.023809523809523808,0.0,0.7619047619047619,0.23809523809523808,0.0,0.0,2497.5537251669584
2020-07-01 00:00:00+00:00,noisy,uncertainty_only_gate,0.13690476190476192,0.15476190476190477,0.08928571428571429,0.6190476190476191,0.2916666666666667,0.0,0.0,2500.233589989783
2020-07-01 00:00:00+00:00,noisy,data_quality_only_gate,0.2261904761904762,0.0,0.0,0.7738095238095238,0.2261904761904762,0.0,0.023809523809523808,2496.100367953722
2020-07-01 00:00:00+00:00,noisy,sync_only_gate,0.2261904761904762,0.0,0.0,0.7738095238095238,0.2261904761904762,0.0,0.023809523809523808,2496.100367953722
2020-07-01 00:00:00+00:00,noisy,security_only_gate,0.2261904761904762,0.0,0.0,0.7738095238095238,0.2261904761904762,0.0,0.023809523809523808,2496.100367953722
2020-07-01 00:00:00+00:00,noisy,delay_detector_gate,0.2261904761904762,0.0,0.0,0.7738095238095238,0.2261904761904762,0.0,0.023809523809523808,2496.100367953722
2020-07-01 00:00:00+00:00,noisy,anomaly_detector_gate,0.2261904761904762,0.0,0.0,0.7738095238095238,0.2261904761904762,0.0,0.023809523809523808,2496.100367953722
2020-07-01 00:00:00+00:00,security_anomaly,hybrid_no_trust,0.2619047619047619,0.0,0.0,0.7380952380952381,0.2619047619047619,0.0,0.017857142857142856,2500.2195121417685
2020-07-01 00:00:00+00:00,security_anomaly,tudt_f,0.23214285714285715,0.005952380952380952,0.047619047619047616,0.7142857142857143,0.23809523809523808,0.0,0.0,2489.459488546102
2020-07-01 00:00:00+00:00,security_anomaly,uncertainty_only_gate,0.19047619047619047,0.08928571428571429,0.07142857142857142,0.6488095238095238,0.27976190476190477,0.0,0.011904761904761904,2485.1946059562356
2020-07-01 00:00:00+00:00,security_anomaly,data_quality_only_gate,0.23809523809523808,0.0,0.05952380952380952,0.7023809523809523,0.23809523809523808,0.0,0.0,2489.457122761319
2020-07-01 00:00:00+00:00,security_anomaly,sync_only_gate,0.24404761904761904,0.017857142857142856,0.0,0.7380952380952381,0.2619047619047619,0.0,0.017857142857142856,2494.4083368785136
2020-07-01 00:00:00+00:00,security_anomaly,security_only_gate,0.23809523809523808,0.0,0.05952380952380952,0.7023809523809523,0.23809523809523808,0.0,0.0,2489.457122761319
2020-07-01 00:00:00+00:00,security_anomaly,delay_detector_gate,0.2619047619047619,0.0,0.0,0.7380952380952381,0.2619047619047619,0.0,0.017857142857142856,2500.2195121417685
2020-07-01 00:00:00+00:00,security_anomaly,anomaly_detector_gate,0.23809523809523808,0.0,0.05952380952380952,0.7023809523809523,0.23809523809523808,0.0,0.0,2489.457122761319
2020-08-01 00:00:00+00:00,missing,hybrid_no_trust,0.35119047619047616,0.0,0.0,0.6488095238095238,0.35119047619047616,0.0,0.023809523809523808,3466.995672021056
2020-08-01 00:00:00+00:00,missing,tudt_f,0.32142857142857145,0.023809523809523808,0.0,0.6547619047619048,0.34523809523809523,0.0,0.0,3466.890090571705
2020-08-01 00:00:00+00:00,missing,uncertainty_only_gate,0.25595238095238093,0.10714285714285714,0.017857142857142856,0.6190476190476191,0.3630952380952381,0.0,0.023809523809523808,3464.609504358557
2020-08-01 00:00:00+00:00,missing,data_quality_only_gate,0.30357142857142855,0.047619047619047616,0.0,0.6488095238095238,0.35119047619047616,0.0,0.023809523809523808,3467.0749751743365
2020-08-01 00:00:00+00:00,missing,sync_only_gate,0.35119047619047616,0.0,0.0,0.6488095238095238,0.35119047619047616,0.0,0.023809523809523808,3466.995672021056
2020-08-01 00:00:00+00:00,missing,security_only_gate,0.35119047619047616,0.0,0.0,0.6488095238095238,0.35119047619047616,0.0,0.023809523809523808,3466.995672021056
2020-08-01 00:00:00+00:00,missing,delay_detector_gate,0.35119047619047616,0.0,0.0,0.6488095238095238,0.35119047619047616,0.0,0.023809523809523808,3466.995672021056
2020-08-01 00:00:00+00:00,missing,anomaly_detector_gate,0.35119047619047616,0.0,0.0,0.6488095238095238,0.35119047619047616,0.0,0.023809523809523808,3466.995672021056
2020-08-01 00:00:00+00:00,delayed,hybrid_no_trust,0.36904761904761907,0.0,0.0,0.6309523809523809,0.36904761904761907,0.0,0.13095238095238096,3460.2394798328855
2020-08-01 00:00:00+00:00,delayed,tudt_f,0.2619047619047619,0.13095238095238096,0.0,0.6071428571428571,0.39285714285714285,0.0,0.0,3461.706147677004
2020-08-01 00:00:00+00:00,delayed,uncertainty_only_gate,0.08333333333333333,0.32142857142857145,0.36904761904761907,0.2261904761904762,0.40476190476190477,0.0,0.0,3465.8653259296866
2020-08-01 00:00:00+00:00,delayed,data_quality_only_gate,0.36904761904761907,0.0,0.0,0.6309523809523809,0.36904761904761907,0.0,0.13095238095238096,3460.2394798328855
2020-08-01 00:00:00+00:00,delayed,sync_only_gate,0.0,1.0,0.0,0.0,1.0,0.0,0.36904761904761907,3465.667541953937
2020-08-01 00:00:00+00:00,delayed,security_only_gate,0.36904761904761907,0.0,0.0,0.6309523809523809,0.36904761904761907,0.0,0.13095238095238096,3460.2394798328855
2020-08-01 00:00:00+00:00,delayed,delay_detector_gate,0.0,0.0,1.0,0.0,0.0,0.0,0.0,3484.833514953168
2020-08-01 00:00:00+00:00,delayed,anomaly_detector_gate,0.36904761904761907,0.0,0.0,0.6309523809523809,0.36904761904761907,0.0,0.13095238095238096,3460.2394798328855
2020-08-01 00:00:00+00:00,noisy,hybrid_no_trust,0.35119047619047616,0.0,0.0,0.6488095238095238,0.35119047619047616,0.0,0.023809523809523808,3467.04012036447
2020-08-01 00:00:00+00:00,noisy,tudt_f,0.32142857142857145,0.023809523809523808,0.0,0.6547619047619048,0.34523809523809523,0.0,0.0,3466.059958559092
2020-08-01 00:00:00+00:00,noisy,uncertainty_only_gate,0.17857142857142858,0.24404761904761904,0.06547619047619048,0.5119047619047619,0.4226190476190476,0.0,0.0,3463.485062368556
2020-08-01 00:00:00+00:00,noisy,data_quality_only_gate,0.35119047619047616,0.0,0.0,0.6488095238095238,0.35119047619047616,0.0,0.023809523809523808,3467.04012036447
2020-08-01 00:00:00+00:00,noisy,sync_only_gate,0.35119047619047616,0.0,0.0,0.6488095238095238,0.35119047619047616,0.0,0.023809523809523808,3467.04012036447
2020-08-01 00:00:00+00:00,noisy,security_only_gate,0.35119047619047616,0.0,0.0,0.6488095238095238,0.35119047619047616,0.0,0.023809523809523808,3467.04012036447
2020-08-01 00:00:00+00:00,noisy,delay_detector_gate,0.35119047619047616,0.0,0.0,0.6488095238095238,0.35119047619047616,0.0,0.023809523809523808,3467.04012036447
2020-08-01 00:00:00+00:00,noisy,anomaly_detector_gate,0.35119047619047616,0.0,0.0,0.6488095238095238,0.35119047619047616,0.0,0.023809523809523808,3467.04012036447
2020-08-01 00:00:00+00:00,security_anomaly,hybrid_no_trust,0.35714285714285715,0.0,0.0,0.6428571428571429,0.35714285714285715,0.0,0.023809523809523808,3467.334834381744
2020-08-01 00:00:00+00:00,security_anomaly,tudt_f,0.3392857142857143,0.0,0.05952380952380952,0.6011904761904762,0.3392857142857143,0.0,0.0,3466.5728634269785
2020-08-01 00:00:00+00:00,security_anomaly,uncertainty_only_gate,0.2857142857142857,0.10119047619047619,0.06547619047619048,0.5476190476190477,0.3869047619047619,0.0,0.0,3464.4237312414866
2020-08-01 00:00:00+00:00,security_anomaly,data_quality_only_gate,0.3392857142857143,0.0,0.05952380952380952,0.6011904761904762,0.3392857142857143,0.0,0.0,3466.5728634269785
2020-08-01 00:00:00+00:00,security_anomaly,sync_only_gate,0.34523809523809523,0.023809523809523808,0.0,0.6309523809523809,0.36904761904761907,0.0,0.023809523809523808,3466.953848904361
2020-08-01 00:00:00+00:00,security_anomaly,security_only_gate,0.3392857142857143,0.0,0.05952380952380952,0.6011904761904762,0.3392857142857143,0.0,0.0,3466.5728634269785
2020-08-01 00:00:00+00:00,security_anomaly,delay_detector_gate,0.35714285714285715,0.0,0.0,0.6428571428571429,0.35714285714285715,0.0,0.023809523809523808,3467.334834381744
2020-08-01 00:00:00+00:00,security_anomaly,anomaly_detector_gate,0.3392857142857143,0.0,0.05952380952380952,0.6011904761904762,0.3392857142857143,0.0,0.0,3466.5728634269785
2020-09-01 00:00:00+00:00,missing,hybrid_no_trust,0.27976190476190477,0.0,0.0,0.7202380952380952,0.27976190476190477,0.0,0.005952380952380952,4706.7863561035865
2020-09-01 00:00:00+00:00,missing,tudt_f,0.27380952380952384,0.005952380952380952,0.0,0.7202380952380952,0.27976190476190477,0.0,0.0,4706.733921903586
2020-09-01 00:00:00+00:00,missing,uncertainty_only_gate,0.25,0.05952380952380952,0.041666666666666664,0.6488095238095238,0.30952380952380953,0.0,0.011904761904761904,4705.503193751448
2020-09-01 00:00:00+00:00,missing,data_quality_only_gate,0.26785714285714285,0.017857142857142856,0.0,0.7142857142857143,0.2857142857142857,0.0,0.005952380952380952,4707.028270576777
2020-09-01 00:00:00+00:00,missing,sync_only_gate,0.27976190476190477,0.0,0.0,0.7202380952380952,0.27976190476190477,0.0,0.005952380952380952,4706.7863561035865
2020-09-01 00:00:00+00:00,missing,security_only_gate,0.27976190476190477,0.0,0.0,0.7202380952380952,0.27976190476190477,0.0,0.005952380952380952,4706.7863561035865
2020-09-01 00:00:00+00:00,missing,delay_detector_gate,0.27976190476190477,0.0,0.0,0.7202380952380952,0.27976190476190477,0.0,0.005952380952380952,4706.7863561035865
2020-09-01 00:00:00+00:00,missing,anomaly_detector_gate,0.27976190476190477,0.0,0.0,0.7202380952380952,0.27976190476190477,0.0,0.005952380952380952,4706.7863561035865
2020-09-01 00:00:00+00:00,delayed,hybrid_no_trust,0.2619047619047619,0.0,0.0,0.7380952380952381,0.2619047619047619,0.0,0.09523809523809523,4689.345005479043
2020-09-01 00:00:00+00:00,delayed,tudt_f,0.19047619047619047,0.11904761904761904,0.0,0.6904761904761905,0.30952380952380953,0.0,0.0,4690.567415217972
2020-09-01 00:00:00+00:00,delayed,uncertainty_only_gate,0.05952380952380952,0.3273809523809524,0.4107142857142857,0.20238095238095238,0.3869047619047619,0.0,0.0,4700.242807139855
2020-09-01 00:00:00+00:00,delayed,data_quality_only_gate,0.2619047619047619,0.0,0.0,0.7380952380952381,0.2619047619047619,0.0,0.09523809523809523,4689.345005479043
2020-09-01 00:00:00+00:00,delayed,sync_only_gate,0.0,0.7440476190476191,0.0,0.25595238095238093,0.7440476190476191,0.0,0.2916666666666667,4696.050547606298
2020-09-01 00:00:00+00:00,delayed,security_only_gate,0.2619047619047619,0.0,0.0,0.7380952380952381,0.2619047619047619,0.0,0.09523809523809523,4689.345005479043
2020-09-01 00:00:00+00:00,delayed,delay_detector_gate,0.0,0.0,1.0,0.0,0.0,0.0,0.0,4719.938200490505
2020-09-01 00:00:00+00:00,delayed,anomaly_detector_gate,0.2619047619047619,0.0,0.0,0.7380952380952381,0.2619047619047619,0.0,0.09523809523809523,4689.345005479043
2020-09-01 00:00:00+00:00,noisy,hybrid_no_trust,0.2916666666666667,0.0,0.0,0.7083333333333334,0.2916666666666667,0.0,0.011904761904761904,4710.074299740064
2020-09-01 00:00:00+00:00,noisy,tudt_f,0.2857142857142857,0.011904761904761904,0.0,0.7023809523809523,0.2976190476190476,0.0,0.0,4710.069613593257
2020-09-01 00:00:00+00:00,noisy,uncertainty_only_gate,0.17857142857142858,0.16071428571428573,0.09523809523809523,0.5654761904761905,0.3392857142857143,0.0,0.0,4707.456083186305
2020-09-01 00:00:00+00:00,noisy,data_quality_only_gate,0.2916666666666667,0.0,0.0,0.7083333333333334,0.2916666666666667,0.0,0.011904761904761904,4710.074299740064
2020-09-01 00:00:00+00:00,noisy,sync_only_gate,0.2916666666666667,0.0,0.0,0.7083333333333334,0.2916666666666667,0.0,0.011904761904761904,4710.074299740064
2020-09-01 00:00:00+00:00,noisy,security_only_gate,0.2916666666666667,0.0,0.0,0.7083333333333334,0.2916666666666667,0.0,0.011904761904761904,4710.074299740064
2020-09-01 00:00:00+00:00,noisy,delay_detector_gate,0.2916666666666667,0.0,0.0,0.7083333333333334,0.2916666666666667,0.0,0.011904761904761904,4710.074299740064
2020-09-01 00:00:00+00:00,noisy,anomaly_detector_gate,0.2916666666666667,0.0,0.0,0.7083333333333334,0.2916666666666667,0.0,0.011904761904761904,4710.074299740064
2020-09-01 00:00:00+00:00,security_anomaly,hybrid_no_trust,0.3273809523809524,0.0,0.0,0.6726190476190477,0.3273809523809524,0.0,0.017857142857142856,4707.756719937908
2020-09-01 00:00:00+00:00,security_anomaly,tudt_f,0.2857142857142857,0.0,0.05357142857142857,0.6607142857142857,0.2857142857142857,0.0,0.0,4706.307274216778
2020-09-01 00:00:00+00:00,security_anomaly,uncertainty_only_gate,0.2619047619047619,0.041666666666666664,0.07142857142857142,0.625,0.30357142857142855,0.0,0.0,4704.432530288252
2020-09-01 00:00:00+00:00,security_anomaly,data_quality_only_gate,0.2857142857142857,0.0,0.05952380952380952,0.6547619047619048,0.2857142857142857,0.0,0.0,4706.307274216778
2020-09-01 00:00:00+00:00,security_anomaly,sync_only_gate,0.2976190476190476,0.017857142857142856,0.0,0.6845238095238095,0.31547619047619047,0.0,0.017857142857142856,4707.050901667742
2020-09-01 00:00:00+00:00,security_anomaly,security_only_gate,0.2857142857142857,0.0,0.05952380952380952,0.6547619047619048,0.2857142857142857,0.0,0.0,4706.307274216778
2020-09-01 00:00:00+00:00,security_anomaly,delay_detector_gate,0.3273809523809524,0.0,0.0,0.6726190476190477,0.3273809523809524,0.0,0.017857142857142856,4707.756719937908
2020-09-01 00:00:00+00:00,security_anomaly,anomaly_detector_gate,0.2857142857142857,0.0,0.05952380952380952,0.6547619047619048,0.2857142857142857,0.0,0.0,4706.307274216778
