scenario,baseline,full_action_rate,cautious_action_rate,abstention_rate,recommendation_rate,physical_infeasibility_rate,low_trust_automation_rate,energy_cost_eur
delayed,anomaly_detector_gate,0.25992063492063494,0.0,0.0,0.25992063492063494,0.0,0.08796296296296297,3168.4055249509765
delayed,data_quality_only_gate,0.25992063492063494,0.0,0.0,0.25992063492063494,0.0,0.08796296296296297,3168.4055249509765
delayed,delay_detector_gate,0.0,0.0,1.0,0.0,0.0,0.0,3195.142847080291
delayed,hybrid_no_trust,0.25992063492063494,0.0,0.0,0.25992063492063494,0.0,0.08796296296296297,3168.4055249509765
delayed,security_only_gate,0.25992063492063494,0.0,0.0,0.25992063492063494,0.0,0.08796296296296297,3168.4055249509765
delayed,sync_only_gate,0.0,0.7559523809523809,0.0,0.7559523809523809,0.0,0.21362433862433863,3174.1530232046
delayed,tudt_f,0.2003968253968254,0.10714285714285715,0.0,0.30753968253968256,0.0,0.0,3169.1488895081793
delayed,uncertainty_only_gate,0.07738095238095238,0.26322751322751325,0.27314814814814814,0.3406084656084656,0.0,0.0,3174.1655520036043
missing,anomaly_detector_gate,0.25992063492063494,0.0,0.0,0.25992063492063494,0.0,0.015873015873015872,3173.581222647861
missing,data_quality_only_gate,0.23677248677248677,0.031084656084656086,0.0,0.26785714285714285,0.0,0.01521164021164021,3173.905026335117
missing,delay_detector_gate,0.25992063492063494,0.0,0.0,0.25992063492063494,0.0,0.015873015873015872,3173.581222647861
missing,hybrid_no_trust,0.25992063492063494,0.0,0.0,0.25992063492063494,0.0,0.015873015873015872,3173.581222647861
missing,security_only_gate,0.25992063492063494,0.0,0.0,0.25992063492063494,0.0,0.015873015873015872,3173.581222647861
missing,sync_only_gate,0.25992063492063494,0.001984126984126984,0.0,0.2619047619047619,0.0,0.015873015873015872,3173.5783592846255
missing,tudt_f,0.24933862433862433,0.015873015873015872,0.0,0.26521164021164023,0.0,0.0,3173.734797814303
missing,uncertainty_only_gate,0.207010582010582,0.09259259259259259,0.027777777777777776,0.29960317460317465,0.0,0.01521164021164021,3171.5727997151166
noisy,anomaly_detector_gate,0.2605820105820106,0.0,0.0,0.2605820105820106,0.0,0.02380952380952381,3176.781267686531
noisy,data_quality_only_gate,0.2605820105820106,0.0,0.0,0.2605820105820106,0.0,0.02380952380952381,3176.781267686531
noisy,delay_detector_gate,0.2605820105820106,0.0,0.0,0.2605820105820106,0.0,0.02380952380952381,3176.781267686531
noisy,hybrid_no_trust,0.2605820105820106,0.0,0.0,0.2605820105820106,0.0,0.02380952380952381,3176.781267686531
noisy,security_only_gate,0.2605820105820106,0.0,0.0,0.2605820105820106,0.0,0.02380952380952381,3176.781267686531
noisy,sync_only_gate,0.2605820105820106,0.0,0.0,0.2605820105820106,0.0,0.02380952380952381,3176.781267686531
noisy,tudt_f,0.24470899470899474,0.02380952380952381,0.0,0.2685185185185185,0.0,0.0,3176.2886569253556
noisy,uncertainty_only_gate,0.167989417989418,0.14814814814814814,0.06216931216931217,0.31613756613756616,0.0,0.0,3174.253719860696
security_anomaly,anomaly_detector_gate,0.25132275132275134,0.0,0.05952380952380952,0.25132275132275134,0.0,0.0,3174.024308273523
security_anomaly,data_quality_only_gate,0.25132275132275134,0.0,0.05952380952380952,0.25132275132275134,0.0,0.0,3174.024308273523
security_anomaly,delay_detector_gate,0.2771164021164021,0.0,0.0,0.2771164021164021,0.0,0.01917989417989418,3176.429421773231
security_anomaly,hybrid_no_trust,0.2771164021164021,0.0,0.0,0.2771164021164021,0.0,0.01917989417989418,3176.429421773231
security_anomaly,security_only_gate,0.25132275132275134,0.0,0.05952380952380952,0.25132275132275134,0.0,0.0,3174.024308273523
security_anomaly,sync_only_gate,0.25793650793650796,0.01917989417989418,0.0,0.2771164021164021,0.0,0.01917989417989418,3175.268882448949
security_anomaly,tudt_f,0.25066137566137564,0.003968253968253968,0.046296296296296294,0.2546296296296296,0.0,0.0,3173.985467773757
security_anomaly,uncertainty_only_gate,0.20767195767195767,0.08134920634920634,0.06547619047619048,0.289021164021164,0.0,0.003968253968253968,3171.8553980858464
