window_start,scenario,controller,physical_infeasibility_rate,low_trust_automation_rate,recommendation_rate,cautious_action_rate,abstention_rate,energy_cost_eur,mean_trust_score
2020-01-01 00:00:00+00:00,missing,opf_dispatch,0.0,0.0,0.07142857142857142,0.0,0.0,3918.4627280785253,0.9685776664160871
2020-01-01 00:00:00+00:00,missing,robust_opf_dispatch,0.0,0.0,0.07142857142857142,0.0,0.0,3918.4627280785253,0.9685776664160871
2020-01-01 00:00:00+00:00,missing,opf_plus_tudt_gate,0.0,0.0,0.07142857142857142,0.0,0.0,3918.4627280785253,0.9685776664160871
2020-01-01 00:00:00+00:00,delayed,opf_dispatch,0.0,0.011904761904761904,0.07142857142857142,0.0,0.0,3918.4627280785253,0.8793412586337238
2020-01-01 00:00:00+00:00,delayed,robust_opf_dispatch,0.0,0.011904761904761904,0.07142857142857142,0.0,0.0,3918.4627280785253,0.8793412586337238
2020-01-01 00:00:00+00:00,delayed,opf_plus_tudt_gate,0.0,0.0,0.07142857142857142,0.011904761904761904,0.0,3918.6114155785253,0.8793412586337238
2020-01-01 00:00:00+00:00,noisy,opf_dispatch,0.0,0.0,0.07142857142857142,0.0,0.0,3918.4627280785253,0.9067463899107234
2020-01-01 00:00:00+00:00,noisy,robust_opf_dispatch,0.0,0.0,0.07142857142857142,0.0,0.0,3918.4627280785253,0.9067463899107234
2020-01-01 00:00:00+00:00,noisy,opf_plus_tudt_gate,0.0,0.0,0.07142857142857142,0.0,0.0,3918.4627280785253,0.9067463899107234
2020-01-01 00:00:00+00:00,security_anomaly,opf_dispatch,0.0,0.0,0.07142857142857142,0.0,0.0,3918.4627280785253,0.9681010137806867
2020-01-01 00:00:00+00:00,security_anomaly,robust_opf_dispatch,0.0,0.0,0.07142857142857142,0.0,0.0,3918.4627280785253,0.9681010137806867
2020-01-01 00:00:00+00:00,security_anomaly,opf_plus_tudt_gate,0.0,0.0,0.07142857142857142,0.0,0.023809523809523808,3918.4627280785253,0.9681010137806867
2020-02-01 00:00:00+00:00,missing,opf_dispatch,0.0,0.0,0.09523809523809523,0.0,0.0,3762.498840494215,0.9724090689460316
2020-02-01 00:00:00+00:00,missing,robust_opf_dispatch,0.0,0.0,0.09523809523809523,0.0,0.0,3762.498840494215,0.9724090689460316
2020-02-01 00:00:00+00:00,missing,opf_plus_tudt_gate,0.0,0.0,0.09523809523809523,0.0,0.0,3762.498840494215,0.9724090689460316
2020-02-01 00:00:00+00:00,delayed,opf_dispatch,0.0,0.0,0.09523809523809523,0.0,0.0,3762.498840494215,0.87365789811378
2020-02-01 00:00:00+00:00,delayed,robust_opf_dispatch,0.0,0.0,0.09523809523809523,0.0,0.0,3762.498840494215,0.87365789811378
2020-02-01 00:00:00+00:00,delayed,opf_plus_tudt_gate,0.0,0.0,0.09523809523809523,0.0,0.0,3762.498840494215,0.87365789811378
2020-02-01 00:00:00+00:00,noisy,opf_dispatch,0.0,0.0,0.09523809523809523,0.0,0.0,3762.498840494215,0.9068430778873594
2020-02-01 00:00:00+00:00,noisy,robust_opf_dispatch,0.0,0.0,0.09523809523809523,0.0,0.0,3762.498840494215,0.9068430778873594
2020-02-01 00:00:00+00:00,noisy,opf_plus_tudt_gate,0.0,0.0,0.09523809523809523,0.0,0.0,3762.498840494215,0.9068430778873594
2020-02-01 00:00:00+00:00,security_anomaly,opf_dispatch,0.0,0.0,0.09523809523809523,0.0,0.0,3762.498840494215,0.9678409090931317
2020-02-01 00:00:00+00:00,security_anomaly,robust_opf_dispatch,0.0,0.0,0.09523809523809523,0.0,0.0,3762.498840494215,0.9678409090931317
2020-02-01 00:00:00+00:00,security_anomaly,opf_plus_tudt_gate,0.0,0.0,0.09523809523809523,0.0,0.041666666666666664,3762.498840494215,0.9678409090931317
2020-03-01 00:00:00+00:00,missing,opf_dispatch,0.0,0.005952380952380952,0.07738095238095238,0.0,0.0,4099.742283075184,0.9698275071030347
2020-03-01 00:00:00+00:00,missing,robust_opf_dispatch,0.0,0.005952380952380952,0.07738095238095238,0.0,0.0,4099.742283075184,0.9698275071030347
2020-03-01 00:00:00+00:00,missing,opf_plus_tudt_gate,0.0,0.0,0.07142857142857142,0.005952380952380952,0.0,4098.568545575184,0.9698275071030347
2020-03-01 00:00:00+00:00,delayed,opf_dispatch,0.0,0.02976190476190476,0.07738095238095238,0.0,0.0,4099.742283075184,0.8715456713306118
2020-03-01 00:00:00+00:00,delayed,robust_opf_dispatch,0.0,0.02976190476190476,0.07738095238095238,0.0,0.0,4099.742283075184,0.8715456713306118
2020-03-01 00:00:00+00:00,delayed,opf_plus_tudt_gate,0.0,0.0,0.08333333333333333,0.03571428571428571,0.0,4094.984283075184,0.8715456713306118
2020-03-01 00:00:00+00:00,noisy,opf_dispatch,0.0,0.005952380952380952,0.07738095238095238,0.0,0.0,4099.742283075184,0.9055592982289337
2020-03-01 00:00:00+00:00,noisy,robust_opf_dispatch,0.0,0.005952380952380952,0.07738095238095238,0.0,0.0,4099.742283075184,0.9055592982289337
2020-03-01 00:00:00+00:00,noisy,opf_plus_tudt_gate,0.0,0.0,0.07142857142857142,0.005952380952380952,0.0,4098.6306205751835,0.9055592982289337
2020-03-01 00:00:00+00:00,security_anomaly,opf_dispatch,0.0,0.005952380952380952,0.07738095238095238,0.0,0.0,4099.742283075184,0.9671595644957067
2020-03-01 00:00:00+00:00,security_anomaly,robust_opf_dispatch,0.0,0.005952380952380952,0.07738095238095238,0.0,0.0,4099.742283075184,0.9671595644957067
2020-03-01 00:00:00+00:00,security_anomaly,opf_plus_tudt_gate,0.0,0.0,0.07738095238095238,0.005952380952380952,0.047619047619047616,4099.641533075184,0.9671595644957067
2020-04-01 00:00:00+00:00,missing,opf_dispatch,0.0,0.011904761904761904,0.1130952380952381,0.0,0.0,2041.157426968706,0.9475720933769677
2020-04-01 00:00:00+00:00,missing,robust_opf_dispatch,0.0,0.011904761904761904,0.1130952380952381,0.0,0.0,2041.157426968706,0.9475720933769677
2020-04-01 00:00:00+00:00,missing,opf_plus_tudt_gate,0.0,0.0,0.1130952380952381,0.011904761904761904,0.0,2038.6479394687055,0.9475720933769677
2020-04-01 00:00:00+00:00,delayed,opf_dispatch,0.0,0.041666666666666664,0.1130952380952381,0.0,0.0,2041.157426968706,0.864196801588408
2020-04-01 00:00:00+00:00,delayed,robust_opf_dispatch,0.0,0.041666666666666664,0.1130952380952381,0.0,0.0,2041.157426968706,0.864196801588408
2020-04-01 00:00:00+00:00,delayed,opf_plus_tudt_gate,0.0,0.0,0.14285714285714285,0.047619047619047616,0.0,2040.3173019687058,0.864196801588408
2020-04-01 00:00:00+00:00,noisy,opf_dispatch,0.0,0.023809523809523808,0.1130952380952381,0.0,0.0,2041.157426968706,0.877820321041722
2020-04-01 00:00:00+00:00,noisy,robust_opf_dispatch,0.0,0.023809523809523808,0.1130952380952381,0.0,0.0,2041.157426968706,0.877820321041722
2020-04-01 00:00:00+00:00,noisy,opf_plus_tudt_gate,0.0,0.0,0.11904761904761904,0.023809523809523808,0.0,2035.4798394687057,0.877820321041722
2020-04-01 00:00:00+00:00,security_anomaly,opf_dispatch,0.0,0.0,0.1130952380952381,0.0,0.0,2041.157426968706,0.9462432558797745
2020-04-01 00:00:00+00:00,security_anomaly,robust_opf_dispatch,0.0,0.0,0.1130952380952381,0.0,0.0,2041.157426968706,0.9462432558797745
2020-04-01 00:00:00+00:00,security_anomaly,opf_plus_tudt_gate,0.0,0.0,0.1130952380952381,0.0,0.041666666666666664,2041.157426968706,0.9462432558797745
2020-05-01 00:00:00+00:00,missing,opf_dispatch,0.0,0.0,0.10714285714285714,0.0,0.0,1949.7832447268397,0.9506143918789159
2020-05-01 00:00:00+00:00,missing,robust_opf_dispatch,0.0,0.0,0.10714285714285714,0.0,0.0,1949.7832447268397,0.9506143918789159
2020-05-01 00:00:00+00:00,missing,opf_plus_tudt_gate,0.0,0.0,0.10714285714285714,0.0,0.0,1949.7832447268397,0.9506143918789159
2020-05-01 00:00:00+00:00,delayed,opf_dispatch,0.0,0.005952380952380952,0.10714285714285714,0.0,0.0,1949.7832447268397,0.8616337904874798
2020-05-01 00:00:00+00:00,delayed,robust_opf_dispatch,0.0,0.005952380952380952,0.10714285714285714,0.0,0.0,1949.7832447268397,0.8616337904874798
2020-05-01 00:00:00+00:00,delayed,opf_plus_tudt_gate,0.0,0.0,0.10119047619047619,0.005952380952380952,0.0,1950.0770447268396,0.8616337904874798
2020-05-01 00:00:00+00:00,noisy,opf_dispatch,0.0,0.017857142857142856,0.10714285714285714,0.0,0.0,1949.7832447268397,0.8793777467388592
2020-05-01 00:00:00+00:00,noisy,robust_opf_dispatch,0.0,0.017857142857142856,0.10714285714285714,0.0,0.0,1949.7832447268397,0.8793777467388592
2020-05-01 00:00:00+00:00,noisy,opf_plus_tudt_gate,0.0,0.0,0.08333333333333333,0.011904761904761904,0.0,1950.14464472684,0.8793777467388592
2020-05-01 00:00:00+00:00,security_anomaly,opf_dispatch,0.0,0.005952380952380952,0.10714285714285714,0.0,0.0,1949.7832447268397,0.9483203871566698
2020-05-01 00:00:00+00:00,security_anomaly,robust_opf_dispatch,0.0,0.005952380952380952,0.10714285714285714,0.0,0.0,1949.7832447268397,0.9483203871566698
2020-05-01 00:00:00+00:00,security_anomaly,opf_plus_tudt_gate,0.0,0.0,0.10119047619047619,0.005952380952380952,0.041666666666666664,1950.0245572268395,0.9483203871566698
2020-06-01 00:00:00+00:00,missing,opf_dispatch,0.0,0.011904761904761904,0.125,0.0,0.0,2168.7031614564003,0.9574283315650975
2020-06-01 00:00:00+00:00,missing,robust_opf_dispatch,0.0,0.011904761904761904,0.125,0.0,0.0,2168.7031614564003,0.9574283315650975
2020-06-01 00:00:00+00:00,missing,opf_plus_tudt_gate,0.0,0.0,0.125,0.011904761904761904,0.0,2168.695036456401,0.9574283315650975
2020-06-01 00:00:00+00:00,delayed,opf_dispatch,0.0,0.05357142857142857,0.125,0.0,0.0,2168.7031614564003,0.8579670552405902
2020-06-01 00:00:00+00:00,delayed,robust_opf_dispatch,0.0,0.05357142857142857,0.125,0.0,0.0,2168.7031614564003,0.8579670552405902
2020-06-01 00:00:00+00:00,delayed,opf_plus_tudt_gate,0.0,0.0,0.14285714285714285,0.06547619047619048,0.0,2167.5482739564004,0.8579670552405902
2020-06-01 00:00:00+00:00,noisy,opf_dispatch,0.0,0.005952380952380952,0.125,0.0,0.0,2168.7031614564003,0.8834117853383292
2020-06-01 00:00:00+00:00,noisy,robust_opf_dispatch,0.0,0.005952380952380952,0.125,0.0,0.0,2168.7031614564003,0.8834117853383292
2020-06-01 00:00:00+00:00,noisy,opf_plus_tudt_gate,0.0,0.0,0.11904761904761904,0.005952380952380952,0.0,2168.433086456401,0.8834117853383292
2020-06-01 00:00:00+00:00,security_anomaly,opf_dispatch,0.0,0.0,0.125,0.0,0.0,2168.7031614564003,0.9545243911299072
2020-06-01 00:00:00+00:00,security_anomaly,robust_opf_dispatch,0.0,0.0,0.125,0.0,0.0,2168.7031614564003,0.9545243911299072
2020-06-01 00:00:00+00:00,security_anomaly,opf_plus_tudt_gate,0.0,0.0,0.125,0.0,0.047619047619047616,2168.7031614564003,0.9545243911299072
2020-07-01 00:00:00+00:00,missing,opf_dispatch,0.0,0.011904761904761904,0.16071428571428573,0.0,0.0,2485.5566484790806,0.9614731359946139
2020-07-01 00:00:00+00:00,missing,robust_opf_dispatch,0.0,0.011904761904761904,0.16071428571428573,0.0,0.0,2485.5566484790806,0.9614731359946139
2020-07-01 00:00:00+00:00,missing,opf_plus_tudt_gate,0.0,0.0,0.16666666666666666,0.011904761904761904,0.0,2484.6966984790806,0.9614731359946139
2020-07-01 00:00:00+00:00,delayed,opf_dispatch,0.0,0.06547619047619048,0.16071428571428573,0.0,0.0,2485.5566484790806,0.85460400950929
2020-07-01 00:00:00+00:00,delayed,robust_opf_dispatch,0.0,0.06547619047619048,0.16071428571428573,0.0,0.0,2485.5566484790806,0.85460400950929
2020-07-01 00:00:00+00:00,delayed,opf_plus_tudt_gate,0.0,0.0,0.21428571428571427,0.1130952380952381,0.0,2482.140248479081,0.85460400950929
2020-07-01 00:00:00+00:00,noisy,opf_dispatch,0.0,0.011904761904761904,0.16071428571428573,0.0,0.0,2485.5566484790806,0.8862405430844058
2020-07-01 00:00:00+00:00,noisy,robust_opf_dispatch,0.0,0.011904761904761904,0.16071428571428573,0.0,0.0,2485.5566484790806,0.8862405430844058
2020-07-01 00:00:00+00:00,noisy,opf_plus_tudt_gate,0.0,0.0,0.16666666666666666,0.011904761904761904,0.0,2485.703060979081,0.8862405430844058
2020-07-01 00:00:00+00:00,security_anomaly,opf_dispatch,0.0,0.011904761904761904,0.16071428571428573,0.0,0.0,2485.5566484790806,0.959229345933679
2020-07-01 00:00:00+00:00,security_anomaly,robust_opf_dispatch,0.0,0.011904761904761904,0.16071428571428573,0.0,0.0,2485.5566484790806,0.959229345933679
2020-07-01 00:00:00+00:00,security_anomaly,opf_plus_tudt_gate,0.0,0.0,0.16666666666666666,0.005952380952380952,0.041666666666666664,2485.672023479081,0.959229345933679
2020-08-01 00:00:00+00:00,missing,opf_dispatch,0.0,0.0,0.011904761904761904,0.0,0.0,3477.7410399531677,0.9592904485975143
2020-08-01 00:00:00+00:00,missing,robust_opf_dispatch,0.0,0.0,0.011904761904761904,0.0,0.0,3477.7410399531677,0.9592904485975143
2020-08-01 00:00:00+00:00,missing,opf_plus_tudt_gate,0.0,0.0,0.011904761904761904,0.0,0.0,3477.7410399531677,0.9592904485975143
2020-08-01 00:00:00+00:00,delayed,opf_dispatch,0.0,0.0,0.011904761904761904,0.0,0.0,3477.7410399531677,0.8576216582151351
2020-08-01 00:00:00+00:00,delayed,robust_opf_dispatch,0.0,0.0,0.011904761904761904,0.0,0.0,3477.7410399531677,0.8576216582151351
2020-08-01 00:00:00+00:00,delayed,opf_plus_tudt_gate,0.0,0.0,0.011904761904761904,0.0,0.0,3477.7410399531677,0.8576216582151351
2020-08-01 00:00:00+00:00,noisy,opf_dispatch,0.0,0.0,0.011904761904761904,0.0,0.0,3477.7410399531677,0.8831995232499403
2020-08-01 00:00:00+00:00,noisy,robust_opf_dispatch,0.0,0.0,0.011904761904761904,0.0,0.0,3477.7410399531677,0.8831995232499403
2020-08-01 00:00:00+00:00,noisy,opf_plus_tudt_gate,0.0,0.0,0.011904761904761904,0.0,0.0,3477.7410399531677,0.8831995232499403
2020-08-01 00:00:00+00:00,security_anomaly,opf_dispatch,0.0,0.0,0.011904761904761904,0.0,0.0,3477.7410399531677,0.9578198083023745
2020-08-01 00:00:00+00:00,security_anomaly,robust_opf_dispatch,0.0,0.0,0.011904761904761904,0.0,0.0,3477.7410399531677,0.9578198083023745
2020-08-01 00:00:00+00:00,security_anomaly,opf_plus_tudt_gate,0.0,0.0,0.011904761904761904,0.0,0.047619047619047616,3477.7410399531677,0.9578198083023745
2020-09-01 00:00:00+00:00,missing,opf_dispatch,0.0,0.0,0.011904761904761904,0.0,0.0,4709.461825490504,0.9623149964442859
2020-09-01 00:00:00+00:00,missing,robust_opf_dispatch,0.0,0.0,0.011904761904761904,0.0,0.0,4709.461825490504,0.9623149964442859
2020-09-01 00:00:00+00:00,missing,opf_plus_tudt_gate,0.0,0.0,0.011904761904761904,0.0,0.0,4709.461825490504,0.9623149964442859
2020-09-01 00:00:00+00:00,delayed,opf_dispatch,0.0,0.0,0.011904761904761904,0.0,0.0,4709.461825490504,0.8564313352998935
2020-09-01 00:00:00+00:00,delayed,robust_opf_dispatch,0.0,0.0,0.011904761904761904,0.0,0.0,4709.461825490504,0.8564313352998935
2020-09-01 00:00:00+00:00,delayed,opf_plus_tudt_gate,0.0,0.0,0.011904761904761904,0.0,0.0,4709.461825490504,0.8564313352998935
2020-09-01 00:00:00+00:00,noisy,opf_dispatch,0.0,0.0,0.011904761904761904,0.0,0.0,4709.461825490504,0.8893000828145936
2020-09-01 00:00:00+00:00,noisy,robust_opf_dispatch,0.0,0.0,0.011904761904761904,0.0,0.0,4709.461825490504,0.8893000828145936
2020-09-01 00:00:00+00:00,noisy,opf_plus_tudt_gate,0.0,0.0,0.011904761904761904,0.0,0.0,4709.461825490504,0.8893000828145936
2020-09-01 00:00:00+00:00,security_anomaly,opf_dispatch,0.0,0.0,0.011904761904761904,0.0,0.0,4709.461825490504,0.9605668393897415
2020-09-01 00:00:00+00:00,security_anomaly,robust_opf_dispatch,0.0,0.0,0.011904761904761904,0.0,0.0,4709.461825490504,0.9605668393897415
2020-09-01 00:00:00+00:00,security_anomaly,opf_plus_tudt_gate,0.0,0.0,0.011904761904761904,0.0,0.05357142857142857,4709.461825490504,0.9605668393897415
