region,window_start,scenario,baseline,full_action_rate,cautious_action_rate,abstention_rate,no_action_rate,recommendation_rate,physical_infeasibility_rate,low_trust_automation_rate,energy_cost_eur
DK_1,2020-01-01 00:00:00+00:00,missing,hybrid_no_trust,0.4523809523809524,0.0,0.0,0.5476190476190477,0.4523809523809524,0.0,0.02976190476190476,2624.2808445043947
DK_1,2020-01-01 00:00:00+00:00,missing,tudt_f,0.42857142857142855,0.023809523809523808,0.0,0.5476190476190477,0.4523809523809524,0.0,0.0,2624.8073152753645
DK_1,2020-01-01 00:00:00+00:00,delayed,hybrid_no_trust,0.43452380952380953,0.0,0.0,0.5654761904761905,0.43452380952380953,0.0,0.14285714285714285,2609.0952860389402
DK_1,2020-01-01 00:00:00+00:00,delayed,tudt_f,0.3392857142857143,0.18452380952380953,0.0,0.47619047619047616,0.5238095238095238,0.0,0.0,2608.7607429153363
DK_1,2020-01-01 00:00:00+00:00,noisy,hybrid_no_trust,0.42857142857142855,0.0,0.0,0.5714285714285714,0.42857142857142855,0.0,0.005952380952380952,2627.853943631063
DK_1,2020-01-01 00:00:00+00:00,noisy,tudt_f,0.4226190476190476,0.005952380952380952,0.0,0.5714285714285714,0.42857142857142855,0.0,0.0,2627.9636958812266
DK_1,2020-01-01 00:00:00+00:00,security_anomaly,hybrid_no_trust,0.47023809523809523,0.0,0.0,0.5297619047619048,0.47023809523809523,0.0,0.041666666666666664,2628.7903464357937
DK_1,2020-01-01 00:00:00+00:00,security_anomaly,tudt_f,0.43452380952380953,0.023809523809523808,0.02976190476190476,0.5119047619047619,0.4583333333333333,0.0,0.0,2627.9727544252264
DK_1,2020-04-01 00:00:00+00:00,missing,hybrid_no_trust,0.5238095238095238,0.0,0.0,0.47619047619047616,0.5238095238095238,0.0,0.041666666666666664,1020.6605160536619
DK_1,2020-04-01 00:00:00+00:00,missing,tudt_f,0.4880952380952381,0.041666666666666664,0.0,0.47023809523809523,0.5297619047619048,0.0,0.0,1021.6430650825446
DK_1,2020-04-01 00:00:00+00:00,delayed,hybrid_no_trust,0.5,0.0,0.0,0.5,0.5,0.0,0.11904761904761904,1020.8474929988265
DK_1,2020-04-01 00:00:00+00:00,delayed,tudt_f,0.39285714285714285,0.125,0.0,0.48214285714285715,0.5178571428571429,0.0,0.0,1024.6444166929666
DK_1,2020-04-01 00:00:00+00:00,noisy,hybrid_no_trust,0.5178571428571429,0.0,0.0,0.48214285714285715,0.5178571428571429,0.0,0.02976190476190476,1023.186588011228
DK_1,2020-04-01 00:00:00+00:00,noisy,tudt_f,0.5,0.02976190476190476,0.0,0.47023809523809523,0.5297619047619048,0.0,0.0,1023.4246335117748
DK_1,2020-04-01 00:00:00+00:00,security_anomaly,hybrid_no_trust,0.48214285714285715,0.0,0.0,0.5178571428571429,0.48214285714285715,0.0,0.03571428571428571,1026.6516493580255
DK_1,2020-04-01 00:00:00+00:00,security_anomaly,tudt_f,0.47023809523809523,0.005952380952380952,0.05357142857142857,0.47023809523809523,0.47619047619047616,0.0,0.0,1023.3130774985473
DK_1,2020-07-01 00:00:00+00:00,missing,hybrid_no_trust,0.3333333333333333,0.0,0.0,0.6666666666666666,0.3333333333333333,0.0,0.017857142857142856,1528.4434026064448
DK_1,2020-07-01 00:00:00+00:00,missing,tudt_f,0.32142857142857145,0.023809523809523808,0.0,0.6547619047619048,0.34523809523809523,0.0,0.0,1527.4900401974025
DK_1,2020-07-01 00:00:00+00:00,delayed,hybrid_no_trust,0.3273809523809524,0.0,0.0,0.6726190476190477,0.3273809523809524,0.0,0.10119047619047619,1525.7537852519765
DK_1,2020-07-01 00:00:00+00:00,delayed,tudt_f,0.27380952380952384,0.1130952380952381,0.0,0.6130952380952381,0.3869047619047619,0.0,0.0,1523.68978819964
DK_1,2020-07-01 00:00:00+00:00,noisy,hybrid_no_trust,0.3333333333333333,0.0,0.0,0.6666666666666666,0.3333333333333333,0.0,0.005952380952380952,1528.8455838376235
DK_1,2020-07-01 00:00:00+00:00,noisy,tudt_f,0.3333333333333333,0.005952380952380952,0.0,0.6607142857142857,0.3392857142857143,0.0,0.0,1528.319981255924
DK_1,2020-07-01 00:00:00+00:00,security_anomaly,hybrid_no_trust,0.35119047619047616,0.0,0.0,0.6488095238095238,0.35119047619047616,0.0,0.023809523809523808,1528.3973106006677
DK_1,2020-07-01 00:00:00+00:00,security_anomaly,tudt_f,0.32142857142857145,0.0,0.047619047619047616,0.6309523809523809,0.32142857142857145,0.0,0.0,1527.9661254334721
