tau_low,tau_high,window_start,scenario,full_action_rate,cautious_action_rate,abstention_rate,no_action_rate,recommendation_rate,physical_infeasibility_rate,low_trust_automation_rate,energy_cost_eur
0.55,0.8,2020-01-01 00:00:00+00:00,missing,0.31547619047619047,0.0,0.0,0.6845238095238095,0.31547619047619047,0.0,0.0,3923.7724822122773
0.55,0.8,2020-01-01 00:00:00+00:00,delayed,0.32142857142857145,0.0,0.0,0.6785714285714286,0.32142857142857145,0.0,0.0,3912.844975075587
0.55,0.8,2020-01-01 00:00:00+00:00,noisy,0.3273809523809524,0.0,0.0,0.6726190476190477,0.3273809523809524,0.0,0.0,3924.4574234193283
0.55,0.8,2020-01-01 00:00:00+00:00,security_anomaly,0.2857142857142857,0.023809523809523808,0.0,0.6904761904761905,0.30952380952380953,0.0,0.0,3923.4329864864403
0.55,0.8,2020-04-01 00:00:00+00:00,missing,0.25,0.005952380952380952,0.0,0.7440476190476191,0.25595238095238093,0.0,0.0,2048.0495196958013
0.55,0.8,2020-04-01 00:00:00+00:00,delayed,0.23809523809523808,0.0,0.0,0.7619047619047619,0.23809523809523808,0.0,0.0,2044.6109599566155
0.55,0.8,2020-04-01 00:00:00+00:00,noisy,0.2619047619047619,0.0,0.0,0.7380952380952381,0.2619047619047619,0.0,0.0,2043.5743552086103
0.55,0.8,2020-04-01 00:00:00+00:00,security_anomaly,0.25595238095238093,0.005952380952380952,0.0,0.7380952380952381,0.2619047619047619,0.0,0.0,2047.2352081535594
0.55,0.8,2020-07-01 00:00:00+00:00,missing,0.21428571428571427,0.005952380952380952,0.0,0.7797619047619048,0.22023809523809523,0.0,0.0,2489.72239110214
0.55,0.8,2020-07-01 00:00:00+00:00,delayed,0.22023809523809523,0.0,0.0,0.7797619047619048,0.22023809523809523,0.0,0.0,2496.44115522384
0.55,0.8,2020-07-01 00:00:00+00:00,noisy,0.2261904761904762,0.0,0.0,0.7738095238095238,0.2261904761904762,0.0,0.0,2493.8041496848373
0.55,0.8,2020-07-01 00:00:00+00:00,security_anomaly,0.25,0.023809523809523808,0.0,0.7261904761904762,0.27380952380952384,0.0,0.0,2491.355818920007
0.65,0.85,2020-01-01 00:00:00+00:00,missing,0.30952380952380953,0.017857142857142856,0.0,0.6726190476190477,0.3273809523809524,0.0,0.0,3923.636811172583
0.65,0.85,2020-01-01 00:00:00+00:00,delayed,0.30357142857142855,0.03571428571428571,0.0,0.6607142857142857,0.3392857142857143,0.0,0.0,3912.2191727064724
0.65,0.85,2020-01-01 00:00:00+00:00,noisy,0.3273809523809524,0.0,0.0,0.6726190476190477,0.3273809523809524,0.0,0.0,3924.4574234193283
0.65,0.85,2020-01-01 00:00:00+00:00,security_anomaly,0.2916666666666667,0.005952380952380952,0.047619047619047616,0.6547619047619048,0.2976190476190476,0.0,0.0,3921.8229165932066
0.65,0.85,2020-04-01 00:00:00+00:00,missing,0.23809523809523808,0.03571428571428571,0.0,0.7261904761904762,0.27380952380952384,0.0,0.0,2047.3798859866718
0.65,0.85,2020-04-01 00:00:00+00:00,delayed,0.19642857142857142,0.08928571428571429,0.0,0.7142857142857143,0.2857142857142857,0.0,0.0,2044.643876464537
0.65,0.85,2020-04-01 00:00:00+00:00,noisy,0.25,0.017857142857142856,0.0,0.7321428571428571,0.26785714285714285,0.0,0.0,2043.5042866169258
0.65,0.85,2020-04-01 00:00:00+00:00,security_anomaly,0.24404761904761904,0.0,0.047619047619047616,0.7083333333333334,0.24404761904761904,0.0,0.0,2047.6480667560133
0.65,0.85,2020-07-01 00:00:00+00:00,missing,0.19642857142857142,0.023809523809523808,0.0,0.7797619047619048,0.22023809523809523,0.0,0.0,2490.34506230783
0.65,0.85,2020-07-01 00:00:00+00:00,delayed,0.13690476190476192,0.16071428571428573,0.0,0.7023809523809523,0.2976190476190476,0.0,0.0,2496.682200618517
0.65,0.85,2020-07-01 00:00:00+00:00,noisy,0.21428571428571427,0.023809523809523808,0.0,0.7619047619047619,0.23809523809523808,0.0,0.0,2491.5739475870237
0.65,0.85,2020-07-01 00:00:00+00:00,security_anomaly,0.23214285714285715,0.005952380952380952,0.041666666666666664,0.7202380952380952,0.23809523809523808,0.0,0.0,2493.505604749499
0.75,0.9,2020-01-01 00:00:00+00:00,missing,0.2619047619047619,0.047619047619047616,0.0,0.6904761904761905,0.30952380952380953,0.0,0.0,3924.1525646699606
0.75,0.9,2020-01-01 00:00:00+00:00,delayed,0.14285714285714285,0.2916666666666667,0.0,0.5654761904761905,0.43452380952380953,0.0,0.0,3912.307404110594
0.75,0.9,2020-01-01 00:00:00+00:00,noisy,0.2976190476190476,0.023809523809523808,0.0,0.6785714285714286,0.32142857142857145,0.0,0.0,3924.603187496137
0.75,0.9,2020-01-01 00:00:00+00:00,security_anomaly,0.2916666666666667,0.0,0.05952380952380952,0.6488095238095238,0.2916666666666667,0.0,0.0,3922.0104269932067
0.75,0.9,2020-04-01 00:00:00+00:00,missing,0.23809523809523808,0.03571428571428571,0.0,0.7261904761904762,0.27380952380952384,0.0,0.0,2047.3798859866718
0.75,0.9,2020-04-01 00:00:00+00:00,delayed,0.07142857142857142,0.35119047619047616,0.0,0.5773809523809523,0.4226190476190476,0.0,0.0,2044.3606126939342
0.75,0.9,2020-04-01 00:00:00+00:00,noisy,0.1130952380952381,0.32142857142857145,0.0,0.5654761904761905,0.43452380952380953,0.0,0.0,2040.1226943213198
0.75,0.9,2020-04-01 00:00:00+00:00,security_anomaly,0.24404761904761904,0.005952380952380952,0.05952380952380952,0.6904761904761905,0.25,0.0,0.0,2047.736050342712
0.75,0.9,2020-07-01 00:00:00+00:00,missing,0.19047619047619047,0.03571428571428571,0.0,0.7738095238095238,0.2261904761904762,0.0,0.0,2489.18124028294
0.75,0.9,2020-07-01 00:00:00+00:00,delayed,0.047619047619047616,0.3630952380952381,0.0,0.5892857142857143,0.4107142857142857,0.0,0.0,2502.566302393483
0.75,0.9,2020-07-01 00:00:00+00:00,noisy,0.13690476190476192,0.1130952380952381,0.0,0.75,0.25,0.0,0.0,2494.8201433899685
0.75,0.9,2020-07-01 00:00:00+00:00,security_anomaly,0.23809523809523808,0.005952380952380952,0.05952380952380952,0.6964285714285714,0.24404761904761904,0.0,0.0,2492.692426538527
