network,coverage,channel,risk,n
IEEE 33,0.9,trust,0.020233196159122085,5832
IEEE 33,0.9,agreement,0.01886145404663923,5832
IEEE 33,0.75,trust,0.017901234567901235,4860
IEEE 33,0.75,agreement,0.01646090534979424,4860
IEEE 33,0.5,trust,0.014814814814814815,3240
IEEE 33,0.5,agreement,0.012654320987654321,3240
SimBench MV,0.9,trust,0.0012002743484224967,5832
SimBench MV,0.9,agreement,0.0003429355281207133,5832
SimBench MV,0.75,trust,0.0006172839506172839,4860
SimBench MV,0.75,agreement,0.00020576131687242798,4860
SimBench MV,0.5,trust,0.0,3240
SimBench MV,0.5,agreement,0.0,3240
