network,metric,difference,lower,upper,temporal_clusters
IEEE 33,violation_rate,-0.004115226337448548,-0.006301440329218093,-0.0019290123456790053,6
IEEE 33,cost_eur,12.166245111168195,-2.171021203107261,25.502624360582377,6
IEEE 33,authorised_rate,-0.11008230452674898,-0.1396604938271605,-0.07728909465020577,6
IEEE 33,nonzero_rate,0.024176954732510286,0.008487654320987649,0.03870884773662551,6
IEEE 33,loss_mwh,-0.09643583948785067,-0.09948685905632076,-0.0932444986917757,6
IEEE 33,regret_eur,2.083268026464967,1.4007309918855515,2.7416546730934446,6
SimBench MV,violation_rate,-0.0007716049382716019,-0.002057613168724272,0.0,6
SimBench MV,cost_eur,96.69691145736995,50.4736853263015,137.5116699266592,6
SimBench MV,authorised_rate,-0.11008230452674898,-0.13978909465020575,-0.07728909465020577,6
SimBench MV,nonzero_rate,0.012602880658436214,-0.0037294238683127545,0.02932098765432099,6
SimBench MV,loss_mwh,-0.09029168821199786,-0.13098086495334788,-0.048611965359713384,6
SimBench MV,regret_eur,5.765583117973775,3.22734614871119,8.40072507050514,6
