network,channel,threshold,coverage_pct,risk_pct
IEEE 33,trust,0.0,100.0,2.0987654320987654
IEEE 33,trust,0.01,100.0,2.0987654320987654
IEEE 33,trust,0.02,100.0,2.0987654320987654
IEEE 33,trust,0.03,100.0,2.0987654320987654
IEEE 33,trust,0.04,100.0,2.0987654320987654
IEEE 33,trust,0.05,100.0,2.0987654320987654
IEEE 33,trust,0.06,100.0,2.0987654320987654
IEEE 33,trust,0.07,100.0,2.0987654320987654
IEEE 33,trust,0.08,100.0,2.0987654320987654
IEEE 33,trust,0.09,100.0,2.0987654320987654
IEEE 33,trust,0.1,100.0,2.0987654320987654
IEEE 33,trust,0.11,100.0,2.0987654320987654
IEEE 33,trust,0.12,100.0,2.0987654320987654
IEEE 33,trust,0.13,100.0,2.0987654320987654
IEEE 33,trust,0.14,100.0,2.0987654320987654
IEEE 33,trust,0.15,100.0,2.0987654320987654
IEEE 33,trust,0.16,100.0,2.0987654320987654
IEEE 33,trust,0.17,100.0,2.0987654320987654
IEEE 33,trust,0.18,100.0,2.0987654320987654
IEEE 33,trust,0.19,100.0,2.0987654320987654
IEEE 33,trust,0.2,100.0,2.0987654320987654
IEEE 33,trust,0.21,100.0,2.0987654320987654
IEEE 33,trust,0.22,100.0,2.0987654320987654
IEEE 33,trust,0.23,100.0,2.0987654320987654
IEEE 33,trust,0.24,100.0,2.0987654320987654
IEEE 33,trust,0.25,100.0,2.0987654320987654
IEEE 33,trust,0.26,100.0,2.0987654320987654
IEEE 33,trust,0.27,100.0,2.0987654320987654
IEEE 33,trust,0.28,100.0,2.0987654320987654
IEEE 33,trust,0.29,100.0,2.0987654320987654
IEEE 33,trust,0.3,100.0,2.0987654320987654
IEEE 33,trust,0.31,100.0,2.0987654320987654
IEEE 33,trust,0.32,100.0,2.0987654320987654
IEEE 33,trust,0.33,100.0,2.0987654320987654
IEEE 33,trust,0.34,100.0,2.0987654320987654
IEEE 33,trust,0.35000000000000003,100.0,2.0987654320987654
IEEE 33,trust,0.36,100.0,2.0987654320987654
IEEE 33,trust,0.37,100.0,2.0987654320987654
IEEE 33,trust,0.38,100.0,2.0987654320987654
IEEE 33,trust,0.39,100.0,2.0987654320987654
IEEE 33,trust,0.4,100.0,2.0987654320987654
IEEE 33,trust,0.41000000000000003,100.0,2.0987654320987654
IEEE 33,trust,0.42,99.98456790123457,2.099089365642846
IEEE 33,trust,0.43,99.98456790123457,2.099089365642846
IEEE 33,trust,0.44,99.98456790123457,2.099089365642846
IEEE 33,trust,0.45,99.98456790123457,2.099089365642846
IEEE 33,trust,0.46,99.98456790123457,2.099089365642846
IEEE 33,trust,0.47000000000000003,99.96913580246914,2.099413399197283
IEEE 33,trust,0.48,99.92283950617285,2.1003861003861
IEEE 33,trust,0.49,99.9074074074074,2.100710534445474
IEEE 33,trust,0.5,99.81481481481481,2.0871985157699444
IEEE 33,trust,0.51,99.64506172839506,2.090754220226111
IEEE 33,trust,0.52,99.41358024691358,2.0800993480285626
IEEE 33,trust,0.53,99.19753086419753,2.069072806471686
IEEE 33,trust,0.54,98.91975308641975,2.074882995319813
IEEE 33,trust,0.55,98.50308641975309,2.0679931066896446
IEEE 33,trust,0.56,97.99382716049382,2.078740157480315
IEEE 33,trust,0.5700000000000001,97.37654320987654,2.076069730586371
IEEE 33,trust,0.58,96.41975308641976,2.032650448143406
IEEE 33,trust,0.59,95.43209876543209,2.03751617076326
IEEE 33,trust,0.6,94.0895061728395,2.0009840905363294
IEEE 33,trust,0.61,92.56172839506172,2.0006668889629875
IEEE 33,trust,0.62,91.1574074074074,1.9976299305908247
IEEE 33,trust,0.63,89.72222222222223,1.9951840385276916
IEEE 33,trust,0.64,88.28703703703704,2.027617549379479
IEEE 33,trust,0.65,86.79012345679013,2.0448079658605973
IEEE 33,trust,0.66,85.41666666666666,2.077687443541102
IEEE 33,trust,0.67,83.68827160493827,2.0837174995390004
IEEE 33,trust,0.68,82.09876543209876,2.086466165413534
IEEE 33,trust,0.6900000000000001,80.41666666666667,2.0149683362118593
IEEE 33,trust,0.7000000000000001,78.82716049382717,2.0164447924823805
IEEE 33,trust,0.71,77.11419753086419,1.9411646988192914
IEEE 33,trust,0.72,75.4320987654321,1.820785597381342
IEEE 33,trust,0.73,73.58024691358025,1.782718120805369
IEEE 33,trust,0.74,71.69753086419753,1.7864829961256996
IEEE 33,trust,0.75,69.22839506172839,1.8056174765938473
IEEE 33,trust,0.76,66.92901234567901,1.7754207977864884
IEEE 33,trust,0.77,64.9074074074074,1.759391345696624
IEEE 33,trust,0.78,62.99382716049383,1.6903478686918179
IEEE 33,trust,0.79,60.98765432098765,1.644736842105263
IEEE 33,trust,0.8,59.53703703703703,1.607050285121825
IEEE 33,trust,0.81,58.317901234567906,1.5347975654935169
IEEE 33,trust,0.8200000000000001,56.82098765432099,1.548071700162955
IEEE 33,trust,0.8300000000000001,55.60185185185185,1.4709963918956424
IEEE 33,trust,0.84,54.166666666666664,1.4245014245014245
IEEE 33,trust,0.85,52.33024691358025,1.4450014744913005
IEEE 33,trust,0.86,49.19753086419753,1.4742785445420328
IEEE 33,trust,0.87,45.27777777777778,1.5337423312883436
IEEE 33,trust,0.88,41.466049382716044,1.6002977298101972
IEEE 33,trust,0.89,37.48456790123457,1.68793742280774
IEEE 33,trust,0.9,32.608024691358025,1.7037387600567913
IEEE 33,trust,0.91,27.685185185185183,1.6722408026755853
IEEE 33,trust,0.92,23.425925925925924,1.7786561264822136
IEEE 33,trust,0.93,18.53395061728395,1.7485428809325563
IEEE 33,trust,0.9400000000000001,13.719135802469134,1.2373453318335208
IEEE 33,trust,0.9500000000000001,8.24074074074074,0.7490636704119851
IEEE 33,trust,0.96,3.348765432098765,0.4608294930875576
IEEE 33,trust,0.97,0.9413580246913581,0.0
IEEE 33,trust,0.98,0.2932098765432099,0.0
IEEE 33,trust,0.99,0.0,
IEEE 33,agreement,0.0,100.0,2.0987654320987654
IEEE 33,agreement,0.01,100.0,2.0987654320987654
IEEE 33,agreement,0.02,100.0,2.0987654320987654
IEEE 33,agreement,0.03,100.0,2.0987654320987654
IEEE 33,agreement,0.04,100.0,2.0987654320987654
IEEE 33,agreement,0.05,100.0,2.0987654320987654
IEEE 33,agreement,0.06,100.0,2.0987654320987654
IEEE 33,agreement,0.07,100.0,2.0987654320987654
IEEE 33,agreement,0.08,100.0,2.0987654320987654
IEEE 33,agreement,0.09,100.0,2.0987654320987654
IEEE 33,agreement,0.1,100.0,2.0987654320987654
IEEE 33,agreement,0.11,100.0,2.0987654320987654
IEEE 33,agreement,0.12,100.0,2.0987654320987654
IEEE 33,agreement,0.13,99.98456790123457,2.099089365642846
IEEE 33,agreement,0.14,99.98456790123457,2.099089365642846
IEEE 33,agreement,0.15,99.98456790123457,2.099089365642846
IEEE 33,agreement,0.16,99.9537037037037,2.0842982862436314
IEEE 33,agreement,0.17,99.87654320987654,2.0704573547589615
IEEE 33,agreement,0.18,99.79938271604938,2.072058141332921
IEEE 33,agreement,0.19,99.73765432098766,2.073340553922327
IEEE 33,agreement,0.2,99.6141975308642,2.0759101471727344
IEEE 33,agreement,0.21,99.53703703703704,2.0775193798449614
IEEE 33,agreement,0.22,99.44444444444444,2.063935443823712
IEEE 33,agreement,0.23,99.32098765432099,2.06650093225606
IEEE 33,agreement,0.24,99.19753086419753,2.0535158680771626
IEEE 33,agreement,0.25,98.98148148148148,2.0424072341752417
IEEE 33,agreement,0.26,98.75,2.031567432411314
IEEE 33,agreement,0.27,98.4567901234568,2.021943573667712
IEEE 33,agreement,0.28,98.27160493827161,2.025753768844221
IEEE 33,agreement,0.29,97.97839506172839,2.016065522129469
IEEE 33,agreement,0.3,97.66975308641975,2.0224364038552696
IEEE 33,agreement,0.31,97.28395061728395,1.9987309644670053
IEEE 33,agreement,0.32,96.97530864197532,1.9891788669637172
IEEE 33,agreement,0.33,96.57407407407408,1.9654841802492808
IEEE 33,agreement,0.34,96.28086419753087,1.9554415771758296
IEEE 33,agreement,0.35000000000000003,95.94135802469135,1.9462763390702913
IEEE 33,agreement,0.36,95.60185185185185,1.937046004842615
IEEE 33,agreement,0.37,95.12345679012346,1.9467878001297858
IEEE 33,agreement,0.38,94.73765432098766,1.9547157517510996
IEEE 33,agreement,0.39,94.32098765432099,1.9142670157068065
IEEE 33,agreement,0.4,93.95061728395062,1.9053876478318004
IEEE 33,agreement,0.41000000000000003,93.50308641975309,1.9145073444462781
IEEE 33,agreement,0.42,92.8858024691358,1.910616381458714
IEEE 33,agreement,0.43,92.31481481481481,1.855566700100301
IEEE 33,agreement,0.44,91.92901234567901,1.8633540372670807
IEEE 33,agreement,0.45,91.46604938271605,1.855913615657162
IEEE 33,agreement,0.46,91.06481481481481,1.8640908320623621
IEEE 33,agreement,0.47000000000000003,90.4783950617284,1.876172607879925
IEEE 33,agreement,0.48,89.92283950617283,1.8877638579028662
IEEE 33,agreement,0.49,89.55246913580247,1.895571256246769
IEEE 33,agreement,0.5,88.99691358024691,1.8900641581411481
IEEE 33,agreement,0.51,88.2253086419753,1.8541192933356654
IEEE 33,agreement,0.52,87.65432098765432,1.8309859154929577
IEEE 33,agreement,0.53,87.1604938271605,1.8059490084985836
IEEE 33,agreement,0.54,86.46604938271605,1.802605746921292
IEEE 33,agreement,0.55,85.70987654320987,1.8185091825711197
IEEE 33,agreement,0.56,85.0925925925926,1.7954298150163224
IEEE 33,agreement,0.5700000000000001,84.35185185185186,1.8111964873765092
IEEE 33,agreement,0.58,83.59567901234568,1.7721986339302196
IEEE 33,agreement,0.59,82.63888888888889,1.7740429505135387
IEEE 33,agreement,0.6,81.71296296296296,1.7752596789423984
IEEE 33,agreement,0.61,80.87962962962963,1.7553901927113147
IEEE 33,agreement,0.62,79.83024691358025,1.6818093949352408
IEEE 33,agreement,0.63,78.90432098765432,1.7015450811656563
IEEE 33,agreement,0.64,78.14814814814814,1.7180094786729858
IEEE 33,agreement,0.65,77.28395061728395,1.6972843450479231
IEEE 33,agreement,0.66,76.49691358024691,1.7147468226750051
IEEE 33,agreement,0.67,75.64814814814815,1.6523867809057526
IEEE 33,agreement,0.68,74.75308641975309,1.6515276630883566
IEEE 33,agreement,0.6900000000000001,73.87345679012346,1.6711928138709005
IEEE 33,agreement,0.7000000000000001,72.96296296296296,1.6074450084602367
IEEE 33,agreement,0.71,71.88271604938271,1.6316015457277802
IEEE 33,agreement,0.72,70.87962962962962,1.5676028739386023
IEEE 33,agreement,0.73,70.01543209876543,1.5869517302182061
IEEE 33,agreement,0.74,69.1820987654321,1.6060673656033906
IEEE 33,agreement,0.75,68.14814814814815,1.5398550724637683
IEEE 33,agreement,0.76,67.1604938271605,1.4935661764705883
IEEE 33,agreement,0.77,65.98765432098766,1.4967259120673526
IEEE 33,agreement,0.78,65.29320987654322,1.4890096903805246
IEEE 33,agreement,0.79,64.41358024691358,1.5093435553425971
IEEE 33,agreement,0.8,63.51851851851852,1.5063168124392614
IEEE 33,agreement,0.81,62.361111111111114,1.5095273447166542
IEEE 33,agreement,0.8200000000000001,61.43518518518518,1.456920371765888
IEEE 33,agreement,0.8300000000000001,60.416666666666664,1.4814814814814816
IEEE 33,agreement,0.84,59.1820987654321,1.4341590612777053
IEEE 33,agreement,0.85,57.76234567901235,1.3892599519102324
IEEE 33,agreement,0.86,56.188271604938265,1.4007140895358419
IEEE 33,agreement,0.87,53.68827160493828,1.3509629203794193
IEEE 33,agreement,0.88,51.01851851851852,1.2704174228675136
IEEE 33,agreement,0.89,47.839506172839506,1.1935483870967742
IEEE 33,agreement,0.9,43.73456790123457,1.2702893436838392
IEEE 33,agreement,0.91,38.75,1.2743926722421346
IEEE 33,agreement,0.92,33.56481481481482,0.9655172413793104
IEEE 33,agreement,0.93,28.410493827160494,0.9234111895708854
IEEE 33,agreement,0.9400000000000001,22.51543209876543,1.0281014393420151
IEEE 33,agreement,0.9500000000000001,17.36111111111111,0.7111111111111111
IEEE 33,agreement,0.96,11.435185185185185,0.4048582995951417
IEEE 33,agreement,0.97,7.006172839506172,0.0
IEEE 33,agreement,0.98,3.0401234567901234,0.0
IEEE 33,agreement,0.99,0.9413580246913581,0.0
SimBench MV,trust,0.0,100.0,0.10802469135802469
SimBench MV,trust,0.01,100.0,0.10802469135802469
SimBench MV,trust,0.02,100.0,0.10802469135802469
SimBench MV,trust,0.03,100.0,0.10802469135802469
SimBench MV,trust,0.04,100.0,0.10802469135802469
SimBench MV,trust,0.05,100.0,0.10802469135802469
SimBench MV,trust,0.06,100.0,0.10802469135802469
SimBench MV,trust,0.07,100.0,0.10802469135802469
SimBench MV,trust,0.08,100.0,0.10802469135802469
SimBench MV,trust,0.09,100.0,0.10802469135802469
SimBench MV,trust,0.1,100.0,0.10802469135802469
SimBench MV,trust,0.11,100.0,0.10802469135802469
SimBench MV,trust,0.12,100.0,0.10802469135802469
SimBench MV,trust,0.13,100.0,0.10802469135802469
SimBench MV,trust,0.14,100.0,0.10802469135802469
SimBench MV,trust,0.15,100.0,0.10802469135802469
SimBench MV,trust,0.16,100.0,0.10802469135802469
SimBench MV,trust,0.17,100.0,0.10802469135802469
SimBench MV,trust,0.18,100.0,0.10802469135802469
SimBench MV,trust,0.19,100.0,0.10802469135802469
SimBench MV,trust,0.2,100.0,0.10802469135802469
SimBench MV,trust,0.21,100.0,0.10802469135802469
SimBench MV,trust,0.22,100.0,0.10802469135802469
SimBench MV,trust,0.23,100.0,0.10802469135802469
SimBench MV,trust,0.24,100.0,0.10802469135802469
SimBench MV,trust,0.25,100.0,0.10802469135802469
SimBench MV,trust,0.26,100.0,0.10802469135802469
SimBench MV,trust,0.27,100.0,0.10802469135802469
SimBench MV,trust,0.28,100.0,0.10802469135802469
SimBench MV,trust,0.29,100.0,0.10802469135802469
SimBench MV,trust,0.3,100.0,0.10802469135802469
SimBench MV,trust,0.31,100.0,0.10802469135802469
SimBench MV,trust,0.32,100.0,0.10802469135802469
SimBench MV,trust,0.33,100.0,0.10802469135802469
SimBench MV,trust,0.34,100.0,0.10802469135802469
SimBench MV,trust,0.35000000000000003,100.0,0.10802469135802469
SimBench MV,trust,0.36,100.0,0.10802469135802469
SimBench MV,trust,0.37,100.0,0.10802469135802469
SimBench MV,trust,0.38,100.0,0.10802469135802469
SimBench MV,trust,0.39,100.0,0.10802469135802469
SimBench MV,trust,0.4,100.0,0.10802469135802469
SimBench MV,trust,0.41000000000000003,100.0,0.10802469135802469
SimBench MV,trust,0.42,99.98456790123457,0.10804136440808766
SimBench MV,trust,0.43,99.98456790123457,0.10804136440808766
SimBench MV,trust,0.44,99.98456790123457,0.10804136440808766
SimBench MV,trust,0.45,99.98456790123457,0.10804136440808766
SimBench MV,trust,0.46,99.98456790123457,0.10804136440808766
SimBench MV,trust,0.47000000000000003,99.96913580246914,0.1080580426057425
SimBench MV,trust,0.48,99.92283950617285,0.10810810810810811
SimBench MV,trust,0.49,99.9074074074074,0.10812480691998765
SimBench MV,trust,0.5,99.81481481481481,0.10822510822510822
SimBench MV,trust,0.51,99.64506172839506,0.10840947808579836
SimBench MV,trust,0.52,99.41358024691358,0.10866190624029803
SimBench MV,trust,0.53,99.19753086419753,0.10889856876166772
SimBench MV,trust,0.54,98.91975308641975,0.10920436817472699
SimBench MV,trust,0.55,98.50308641975309,0.10966630111232961
SimBench MV,trust,0.56,97.99382716049382,0.11023622047244094
SimBench MV,trust,0.5700000000000001,97.37654320987654,0.11093502377179082
SimBench MV,trust,0.58,96.41975308641976,0.11203585147247119
SimBench MV,trust,0.59,95.43209876543209,0.11319534282018111
SimBench MV,trust,0.6,94.0895061728395,0.1148105625717566
SimBench MV,trust,0.61,92.56172839506172,0.11670556852284096
SimBench MV,trust,0.62,91.1574074074074,0.11850347045877772
SimBench MV,trust,0.63,89.72222222222223,0.12039903680770554
SimBench MV,trust,0.64,88.28703703703704,0.12235623142807202
SimBench MV,trust,0.65,86.79012345679013,0.12446657183499288
SimBench MV,trust,0.66,85.41666666666666,0.1264679313459801
SimBench MV,trust,0.67,83.68827160493827,0.11063986723215931
SimBench MV,trust,0.68,82.09876543209876,0.11278195488721805
SimBench MV,trust,0.6900000000000001,80.41666666666667,0.09595087315294569
SimBench MV,trust,0.7000000000000001,78.82716049382717,0.07830853563038372
SimBench MV,trust,0.71,77.11419753086419,0.08004802881729037
SimBench MV,trust,0.72,75.4320987654321,0.06137479541734861
SimBench MV,trust,0.73,73.58024691358025,0.06291946308724831
SimBench MV,trust,0.74,71.69753086419753,0.06457167455876023
SimBench MV,trust,0.75,69.22839506172839,0.06687472135532768
SimBench MV,trust,0.76,66.92901234567901,0.06917223887479824
SimBench MV,trust,0.77,64.9074074074074,0.02377555872563005
SimBench MV,trust,0.78,62.99382716049383,0.02449779519843214
SimBench MV,trust,0.79,60.98765432098765,0.0
SimBench MV,trust,0.8,59.53703703703703,0.0
SimBench MV,trust,0.81,58.317901234567906,0.0
SimBench MV,trust,0.8200000000000001,56.82098765432099,0.0
SimBench MV,trust,0.8300000000000001,55.60185185185185,0.0
SimBench MV,trust,0.84,54.166666666666664,0.0
SimBench MV,trust,0.85,52.33024691358025,0.0
SimBench MV,trust,0.86,49.19753086419753,0.0
SimBench MV,trust,0.87,45.27777777777778,0.0
SimBench MV,trust,0.88,41.466049382716044,0.0
SimBench MV,trust,0.89,37.48456790123457,0.0
SimBench MV,trust,0.9,32.608024691358025,0.0
SimBench MV,trust,0.91,27.685185185185183,0.0
SimBench MV,trust,0.92,23.425925925925924,0.0
SimBench MV,trust,0.93,18.53395061728395,0.0
SimBench MV,trust,0.9400000000000001,13.719135802469134,0.0
SimBench MV,trust,0.9500000000000001,8.24074074074074,0.0
SimBench MV,trust,0.96,3.348765432098765,0.0
SimBench MV,trust,0.97,0.9413580246913581,0.0
SimBench MV,trust,0.98,0.2932098765432099,0.0
SimBench MV,trust,0.99,0.0,
SimBench MV,agreement,0.0,100.0,0.10802469135802469
SimBench MV,agreement,0.01,100.0,0.10802469135802469
SimBench MV,agreement,0.02,100.0,0.10802469135802469
SimBench MV,agreement,0.03,100.0,0.10802469135802469
SimBench MV,agreement,0.04,100.0,0.10802469135802469
SimBench MV,agreement,0.05,100.0,0.10802469135802469
SimBench MV,agreement,0.06,100.0,0.10802469135802469
SimBench MV,agreement,0.07,100.0,0.10802469135802469
SimBench MV,agreement,0.08,100.0,0.10802469135802469
SimBench MV,agreement,0.09,100.0,0.10802469135802469
SimBench MV,agreement,0.1,100.0,0.10802469135802469
SimBench MV,agreement,0.11,100.0,0.10802469135802469
SimBench MV,agreement,0.12,100.0,0.10802469135802469
SimBench MV,agreement,0.13,99.98456790123457,0.10804136440808766
SimBench MV,agreement,0.14,99.98456790123457,0.10804136440808766
SimBench MV,agreement,0.15,99.98456790123457,0.10804136440808766
SimBench MV,agreement,0.16,99.9537037037037,0.10807472595337347
SimBench MV,agreement,0.17,99.87654320987654,0.10815822002472188
SimBench MV,agreement,0.18,99.79938271604938,0.10824184320395856
SimBench MV,agreement,0.19,99.73765432098766,0.10830883490639022
SimBench MV,agreement,0.2,99.6141975308642,0.10844306738962044
SimBench MV,agreement,0.21,99.53703703703704,0.09302325581395349
SimBench MV,agreement,0.22,99.44444444444444,0.0931098696461825
SimBench MV,agreement,0.23,99.32098765432099,0.09322560596643878
SimBench MV,agreement,0.24,99.19753086419753,0.09334163036714374
SimBench MV,agreement,0.25,98.98148148148148,0.06236357966947303
SimBench MV,agreement,0.26,98.75,0.06250976715111736
SimBench MV,agreement,0.27,98.4567901234568,0.06269592476489029
SimBench MV,agreement,0.28,98.27160493827161,0.06281407035175879
SimBench MV,agreement,0.29,97.97839506172839,0.06300204756654591
SimBench MV,agreement,0.3,97.66975308641975,0.06320113762047717
SimBench MV,agreement,0.31,97.28395061728395,0.06345177664974619
SimBench MV,agreement,0.32,96.97530864197532,0.06365372374283895
SimBench MV,agreement,0.33,96.57407407407408,0.06391818472355384
SimBench MV,agreement,0.34,96.28086419753087,0.06411283859592884
SimBench MV,agreement,0.35000000000000003,95.94135802469135,0.0643397136882741
SimBench MV,agreement,0.36,95.60185185185185,0.06456820016142051
SimBench MV,agreement,0.37,95.12345679012346,0.04866969500324465
SimBench MV,agreement,0.38,94.73765432098766,0.048867893793777484
SimBench MV,agreement,0.39,94.32098765432099,0.04908376963350785
SimBench MV,agreement,0.4,93.95061728395062,0.049277266754270695
SimBench MV,agreement,0.41000000000000003,93.50308641975309,0.04951312097705893
SimBench MV,agreement,0.42,92.8858024691358,0.04984216647283602
SimBench MV,agreement,0.43,92.31481481481481,0.033433634236041454
SimBench MV,agreement,0.44,91.92901234567901,0.033573946617424875
SimBench MV,agreement,0.45,91.46604938271605,0.03374388392103931
SimBench MV,agreement,0.46,91.06481481481481,0.03389256058295204
SimBench MV,agreement,0.47000000000000003,90.4783950617284,0.034112229234180454
SimBench MV,agreement,0.48,89.92283950617283,0.03432297923459756
SimBench MV,agreement,0.49,89.55246913580247,0.03446493193175943
SimBench MV,agreement,0.5,88.99691358024691,0.03468007629616785
SimBench MV,agreement,0.51,88.2253086419753,0.03498338289312576
SimBench MV,agreement,0.52,87.65432098765432,0.035211267605633804
SimBench MV,agreement,0.53,87.1604938271605,0.03541076487252125
SimBench MV,agreement,0.54,86.46604938271605,0.03569516330537212
SimBench MV,agreement,0.55,85.70987654320987,0.018005041411595247
SimBench MV,agreement,0.56,85.0925925925926,0.018135654697134566
SimBench MV,agreement,0.5700000000000001,84.35185185185186,0.018294914013904134
SimBench MV,agreement,0.58,83.59567901234568,0.018460402436773122
SimBench MV,agreement,0.59,82.63888888888889,0.018674136321195144
SimBench MV,agreement,0.6,81.71296296296296,0.018885741265344664
SimBench MV,agreement,0.61,80.87962962962963,0.019080328181644724
SimBench MV,agreement,0.62,79.83024691358025,0.019331142470520007
SimBench MV,agreement,0.63,78.90432098765432,0.019557989438685704
SimBench MV,agreement,0.64,78.14814814814814,0.019747235387045814
SimBench MV,agreement,0.65,77.28395061728395,0.019968051118210862
SimBench MV,agreement,0.66,76.49691358024691,0.02017349203147065
SimBench MV,agreement,0.67,75.64814814814815,0.02039983680130559
SimBench MV,agreement,0.68,74.75308641975309,0.020644095788604457
SimBench MV,agreement,0.6900000000000001,73.87345679012346,0.020889910173386254
SimBench MV,agreement,0.7000000000000001,72.96296296296296,0.021150592216582064
SimBench MV,agreement,0.71,71.88271604938271,0.021468441391155002
SimBench MV,agreement,0.72,70.87962962962962,0.021772262138036142
SimBench MV,agreement,0.73,70.01543209876543,0.02204099625303064
SimBench MV,agreement,0.74,69.1820987654321,0.022306491188935983
SimBench MV,agreement,0.75,68.14814814814815,0.0
SimBench MV,agreement,0.76,67.1604938271605,0.0
SimBench MV,agreement,0.77,65.98765432098766,0.0
SimBench MV,agreement,0.78,65.29320987654322,0.0
SimBench MV,agreement,0.79,64.41358024691358,0.0
SimBench MV,agreement,0.8,63.51851851851852,0.0
SimBench MV,agreement,0.81,62.361111111111114,0.0
SimBench MV,agreement,0.8200000000000001,61.43518518518518,0.0
SimBench MV,agreement,0.8300000000000001,60.416666666666664,0.0
SimBench MV,agreement,0.84,59.1820987654321,0.0
SimBench MV,agreement,0.85,57.76234567901235,0.0
SimBench MV,agreement,0.86,56.188271604938265,0.0
SimBench MV,agreement,0.87,53.68827160493828,0.0
SimBench MV,agreement,0.88,51.01851851851852,0.0
SimBench MV,agreement,0.89,47.839506172839506,0.0
SimBench MV,agreement,0.9,43.73456790123457,0.0
SimBench MV,agreement,0.91,38.75,0.0
SimBench MV,agreement,0.92,33.56481481481482,0.0
SimBench MV,agreement,0.93,28.410493827160494,0.0
SimBench MV,agreement,0.9400000000000001,22.51543209876543,0.0
SimBench MV,agreement,0.9500000000000001,17.36111111111111,0.0
SimBench MV,agreement,0.96,11.435185185185185,0.0
SimBench MV,agreement,0.97,7.006172839506172,0.0
SimBench MV,agreement,0.98,3.0401234567901234,0.0
SimBench MV,agreement,0.99,0.9413580246913581,0.0
