network,variant,threshold,coverage,risk
IEEE 33,Default,0.65,0.8679012345679012,0.020448079658605973
IEEE 33,Default,0.75,0.692283950617284,0.018056174765938474
IEEE 33,Default,0.85,0.5233024691358025,0.014450014744913005
IEEE 33,Default,0.95,0.0824074074074074,0.00749063670411985
IEEE 33,Equal weights,0.65,0.8885802469135803,0.01997221257381035
IEEE 33,Equal weights,0.75,0.6609567901234568,0.01704412794770021
IEEE 33,Equal weights,0.85,0.5072530864197531,0.014298752662001825
IEEE 33,Equal weights,0.95,0.06620370370370371,0.004662004662004662
IEEE 33,Freshness emphasis,0.65,0.8131172839506173,0.020876826722338204
IEEE 33,Freshness emphasis,0.75,0.7402777777777778,0.01917865332499479
IEEE 33,Freshness emphasis,0.85,0.5649691358024691,0.015023217700081944
IEEE 33,Freshness emphasis,0.95,0.13194444444444445,0.008187134502923977
IEEE 33,No freshness,0.65,0.8759259259259259,0.01814658210007047
IEEE 33,No freshness,0.75,0.6720679012345679,0.014925373134328358
IEEE 33,No freshness,0.85,0.3658950617283951,0.016026992830029525
IEEE 33,No freshness,0.95,0.01728395061728395,0.0
SimBench MV,Default,0.65,0.8679012345679012,0.0012446657183499289
SimBench MV,Default,0.75,0.692283950617284,0.0006687472135532769
SimBench MV,Default,0.85,0.5233024691358025,0.0
SimBench MV,Default,0.95,0.0824074074074074,0.0
SimBench MV,Equal weights,0.65,0.8885802469135803,0.0008683570684265369
SimBench MV,Equal weights,0.75,0.6609567901234568,0.00023348120476301658
SimBench MV,Equal weights,0.85,0.5072530864197531,0.0
SimBench MV,Equal weights,0.95,0.06620370370370371,0.0
SimBench MV,Freshness emphasis,0.65,0.8131172839506173,0.0013285253368760675
SimBench MV,Freshness emphasis,0.75,0.7402777777777778,0.0006253908692933083
SimBench MV,Freshness emphasis,0.85,0.5649691358024691,0.0
SimBench MV,Freshness emphasis,0.95,0.13194444444444445,0.0
SimBench MV,No freshness,0.65,0.8759259259259259,0.0005285412262156448
SimBench MV,No freshness,0.75,0.6720679012345679,0.0
SimBench MV,No freshness,0.85,0.3658950617283951,0.0
SimBench MV,No freshness,0.95,0.01728395061728395,0.0
