network,scenario,controller,seed,violation_rate,nonzero_rate,authorised_rate,severity,cost_eur,regret_eur,loss_mwh,model_feasible_rate
IEEE 33,Bias,Agreement gate,29.0,0.0023148148148148147,0.3217592592592593,0.8580246913580247,2.783785552278605e-06,5351.028576517243,2.013673975134644,0.7121305758514966,1.0
IEEE 33,Bias,Metadata gate,29.0,0.0023148148148148147,0.38657407407407407,1.0,2.783785552278605e-06,5316.863542240348,0.8098008253290649,0.7606713161293208,1.0
IEEE 33,Bias,Trust gate,29.0,0.0023148148148148147,0.4050925925925926,1.0,2.783785552278605e-06,5312.083442626331,1.1011812256900961,0.744585382761586,1.0
IEEE 33,Bias,Ungated,29.0,0.0023148148148148147,0.38657407407407407,1.0,2.783785552278605e-06,5316.863542240348,0.8098008253290649,0.7606713161293208,1.0
IEEE 33,Clean,Agreement gate,29.0,0.004629629629629629,0.3796296296296296,1.0,8.539847219046e-06,5311.052164958052,0.5703895306355857,0.768238869443515,1.0
IEEE 33,Clean,Metadata gate,29.0,0.004629629629629629,0.3796296296296296,1.0,8.539847219046e-06,5311.052164958052,0.5703895306355857,0.768238869443515,1.0
IEEE 33,Clean,Trust gate,29.0,0.004629629629629629,0.3796296296296296,1.0,8.539847219046e-06,5311.052164958052,0.5703895306355857,0.768238869443515,1.0
IEEE 33,Clean,Ungated,29.0,0.004629629629629629,0.3796296296296296,1.0,8.539847219046e-06,5311.052164958052,0.5703895306355857,0.768238869443515,1.0
IEEE 33,Delayed,Agreement gate,29.0,0.0015432098765432098,0.3402777777777778,0.6790123456790123,1.599765945912253e-06,5292.233418304943,2.6113269293848864,0.7671661941945177,1.0
IEEE 33,Delayed,Metadata gate,29.0,0.0,0.0,0.0,0.0,5562.630946901902,17.306733267107614,0.4413222074613128,1.0
IEEE 33,Delayed,Trust gate,29.0,0.0,0.2770061728395061,0.3618827160493827,0.0,5413.882076384071,10.305824834208579,0.48222035370030436,1.0
IEEE 33,Delayed,Ungated,29.0,0.0,0.4050925925925926,1.0,0.0,5293.435741103326,0.7303741880020799,0.7349868797496467,1.0
IEEE 33,Disturbance,Agreement gate,29.0,0.013888888888888888,0.375,1.0,6.299286762215302e-05,6834.4326029072,0.5742607801208358,0.9372453996401037,1.0
IEEE 33,Disturbance,Metadata gate,29.0,0.013888888888888888,0.375,1.0,6.299286762215302e-05,6834.4326029072,0.5742607801208358,0.9372453996401037,1.0
IEEE 33,Disturbance,Trust gate,29.0,0.011574074074074073,0.3896604938271605,1.0,5.7236805955385626e-05,6834.540477265139,0.9126095011348967,0.9190092226170494,1.0
IEEE 33,Disturbance,Ungated,29.0,0.013888888888888888,0.375,1.0,6.299286762215302e-05,6834.4326029072,0.5742607801208358,0.9372453996401037,1.0
IEEE 33,Missing,Agreement gate,29.0,0.003858024691358025,0.3811728395061728,0.988425925925926,7.611918701619797e-06,5309.335303924409,0.6082130354096529,0.7677198684538378,1.0
IEEE 33,Missing,Metadata gate,29.0,0.003858024691358025,0.3626543209876543,0.8773148148148148,7.611918701619797e-06,5318.516202207098,1.1620296679057276,0.7603848562971047,1.0
IEEE 33,Missing,Trust gate,29.0,0.004629629629629629,0.4074074074074074,0.9814814814814815,7.765901604594593e-06,5313.274413121095,1.0336900710364079,0.7308152539070341,1.0
IEEE 33,Missing,Ungated,29.0,0.003858024691358025,0.38503086419753085,1.0,7.611918701619797e-06,5311.169783394376,0.6334164783652898,0.7690944306162166,1.0
IEEE 33,Noisy,Agreement gate,29.0,0.008487654320987654,0.20524691358024694,0.3387345679012346,1.5149405488054793e-05,5386.224309273574,6.262188272532366,0.6400371543153645,1.0
IEEE 33,Noisy,Metadata gate,29.0,0.023148148148148147,0.38425925925925924,1.0,4.468685069915932e-05,5366.595537878002,1.3891939979826642,0.8015956303765249,1.0
IEEE 33,Noisy,Trust gate,29.0,0.0,0.6018518518518519,0.996141975308642,0.0,5321.714268793625,3.283348796519757,0.5483484065987351,1.0
IEEE 33,Noisy,Ungated,29.0,0.023148148148148147,0.38425925925925924,1.0,4.468685069915932e-05,5366.595537878002,1.3891939979826642,0.8015956303765249,1.0
SimBench MV,Bias,Agreement gate,29.0,0.0,0.1558641975308642,0.8580246913580247,0.0,2230.44282254937,5.494663982285942,3.666362416086094,1.0
SimBench MV,Bias,Metadata gate,29.0,0.0,0.17824074074074076,1.0,0.0,2070.843851467629,2.878248311530044,3.7393091691754057,1.0
SimBench MV,Bias,Trust gate,29.0,0.0,0.18055555555555555,1.0,0.0,2090.988033429872,3.1264833662460156,3.6928748017810347,1.0
SimBench MV,Bias,Ungated,29.0,0.0,0.17824074074074076,1.0,0.0,2070.843851467629,2.878248311530044,3.7393091691754057,1.0
SimBench MV,Clean,Agreement gate,29.0,0.0,0.1736111111111111,1.0,0.0,2060.1948386622917,2.04922644978302,3.7108527788577086,1.0
SimBench MV,Clean,Metadata gate,29.0,0.0,0.1736111111111111,1.0,0.0,2060.1948386622917,2.04922644978302,3.7108527788577086,1.0
SimBench MV,Clean,Trust gate,29.0,0.0,0.1736111111111111,1.0,0.0,2060.1948386622917,2.04922644978302,3.7108527788577086,1.0
SimBench MV,Clean,Ungated,29.0,0.0,0.1736111111111111,1.0,0.0,2060.1948386622917,2.04922644978302,3.7108527788577086,1.0
SimBench MV,Delayed,Agreement gate,29.0,0.0,0.15895061728395063,0.6790123456790123,0.0,2228.860122066113,10.51089506945464,3.6991701040978597,1.0
SimBench MV,Delayed,Metadata gate,29.0,0.0,0.0,0.0,0.0,3170.841448080816,89.98704722984502,3.4433523546568368,1.0
SimBench MV,Delayed,Trust gate,29.0,0.0,0.1558641975308642,0.3618827160493827,0.0,2683.1194362746082,31.134197523525888,3.4765638605687617,1.0
SimBench MV,Delayed,Ungated,29.0,0.0,0.18287037037037035,1.0,0.0,2157.841265438595,7.140252251011049,3.7310333556786595,1.0
SimBench MV,Disturbance,Agreement gate,29.0,0.0,0.2037037037037037,1.0,0.0,9956.990392632008,2.8313316889163342,3.617739635243456,1.0
SimBench MV,Disturbance,Metadata gate,29.0,0.0,0.2037037037037037,1.0,0.0,9956.990392632008,2.8313316889163342,3.617739635243456,1.0
SimBench MV,Disturbance,Trust gate,29.0,0.0,0.21450617283950618,1.0,0.0,9978.874248714374,4.178948576915323,3.6052243780619446,1.0
SimBench MV,Disturbance,Ungated,29.0,0.0,0.2037037037037037,1.0,0.0,9956.990392632008,2.8313316889163342,3.617739635243456,1.0
SimBench MV,Missing,Agreement gate,29.0,0.0,0.17515432098765432,0.988425925925926,0.0,2065.3866426707586,2.5414126109169217,3.709480608333534,1.0
SimBench MV,Missing,Metadata gate,29.0,0.0,0.16512345679012347,0.8773148148148148,0.0,2112.5207369405903,4.6506928760024895,3.7006510944955235,1.0
SimBench MV,Missing,Trust gate,29.0,0.0,0.19290123456790123,0.9814814814814815,0.0,2086.3655387270855,4.841226416621205,3.681241512014446,1.0
SimBench MV,Missing,Ungated,29.0,0.0,0.17592592592592593,1.0,0.0,2064.3175779769003,2.4816655509801246,3.7102822617833158,1.0
SimBench MV,Noisy,Agreement gate,29.0,0.0007716049382716049,0.0949074074074074,0.3387345679012346,5.538919810595037e-07,2601.111060400646,18.53422714673619,3.581192402411576,1.0
SimBench MV,Noisy,Metadata gate,29.0,0.004629629629629629,0.1875,1.0,8.28563903920549e-06,2472.459325427481,8.214324458296012,3.73398222675341,1.0
SimBench MV,Noisy,Trust gate,29.0,0.0,0.26003086419753085,0.996141975308642,0.0,2463.286624540892,14.85846508526777,3.534691966936073,1.0
SimBench MV,Noisy,Ungated,29.0,0.004629629629629629,0.1875,1.0,8.28563903920549e-06,2472.459325427481,8.214324458296012,3.73398222675341,1.0
